[0.000000] (-) TimerEvent: {}
[0.002582] (z1_description) JobQueued: {'identifier': 'z1_description', 'dependencies': OrderedDict()}
[0.002665] (z1_hardware_interface) JobQueued: {'identifier': 'z1_hardware_interface', 'dependencies': OrderedDict()}
[0.002715] (z1_bringup) JobQueued: {'identifier': 'z1_bringup', 'dependencies': OrderedDict([('z1_description', '/home/wangkun/z1_ros2_ws/install/z1_description'), ('z1_hardware_interface', '/home/wangkun/z1_ros2_ws/install/z1_hardware_interface')])}
[0.002765] (z1_moveit) JobQueued: {'identifier': 'z1_moveit', 'dependencies': OrderedDict([('z1_description', '/home/wangkun/z1_ros2_ws/install/z1_description')])}
[0.002808] (z1_examples) JobQueued: {'identifier': 'z1_examples', 'dependencies': OrderedDict([('z1_description', '/home/wangkun/z1_ros2_ws/install/z1_description'), ('z1_hardware_interface', '/home/wangkun/z1_ros2_ws/install/z1_hardware_interface'), ('z1_bringup', '/home/wangkun/z1_ros2_ws/install/z1_bringup')])}
[0.002856] (z1_description) JobStarted: {'identifier': 'z1_description'}
[0.023828] (z1_hardware_interface) JobStarted: {'identifier': 'z1_hardware_interface'}
[0.038887] (z1_description) JobProgress: {'identifier': 'z1_description', 'progress': 'cmake'}
[0.040760] (z1_description) Command: {'cmd': ['/usr/bin/cmake', '/home/wangkun/z1_ros2_ws/src/z1_ros2/z1_description', '-DCMAKE_BUILD_TYPE=Release', '-DCMAKE_INSTALL_PREFIX=/home/wangkun/z1_ros2_ws/install/z1_description'], 'cwd': '/home/wangkun/z1_ros2_ws/build/z1_description', 'env': OrderedDict([('LESSOPEN', '| /usr/bin/lesspipe %s'), ('LANGUAGE', 'zh_CN:en_US:en'), ('USER', 'wangkun'), ('LC_TIME', 'zh_CN.UTF-8'), ('XDG_SESSION_TYPE', 'x11'), ('SHLVL', '1'), ('LD_LIBRARY_PATH', '/opt/ros/humble/opt/rviz_ogre_vendor/lib:/opt/ros/humble/lib/x86_64-linux-gnu:/opt/ros/humble/lib'), ('HOME', '/home/wangkun'), ('OLDPWD', '/home/wangkun/z1_ros2_ws/src'), ('DESKTOP_SESSION', 'ubuntu'), ('NVM_BIN', '/home/wangkun/.nvm/versions/node/v22.23.2/bin'), ('NVM_INC', '/home/wangkun/.nvm/versions/node/v22.23.2/include/node'), ('ROS_PYTHON_VERSION', '3'), ('GNOME_SHELL_SESSION_MODE', 'ubuntu'), ('GTK_MODULES', 'gail:atk-bridge'), ('LC_MONETARY', 'zh_CN.UTF-8'), ('MANAGERPID', '1116'), ('SYSTEMD_EXEC_PID', '1639'), ('DBUS_SESSION_BUS_ADDRESS', 'unix:path=/run/user/1000/bus'), ('COLORTERM', 'truecolor'), ('GIO_LAUNCHED_DESKTOP_FILE_PID', '2990'), ('NVM_DIR', '/home/wangkun/.nvm'), ('IM_CONFIG_PHASE', '1'), ('ROS_DISTRO', 'humble'), ('GTK_IM_MODULE', 'fcitx'), ('LOGNAME', 'wangkun'), ('JOURNAL_STREAM', '8:22053'), ('_', '/usr/bin/colcon'), ('ROS_VERSION', '2'), ('XDG_SESSION_CLASS', 'user'), ('USERNAME', 'wangkun'), ('TERM', 'xterm-256color'), ('GNOME_DESKTOP_SESSION_ID', 'this-is-deprecated'), ('ROS_LOCALHOST_ONLY', '0'), ('WINDOWPATH', '2'), ('PATH', '/home/wangkun/.nvm/versions/node/v22.23.2/bin:/opt/ros/humble/bin:/usr/local/sbin:/usr/local/bin:/usr/sbin:/usr/bin:/sbin:/bin:/usr/games:/usr/local/games:/snap/bin:/snap/bin'), ('SESSION_MANAGER', 'local/wangkun-virtual-machine:@/tmp/.ICE-unix/1397,unix/wangkun-virtual-machine:/tmp/.ICE-unix/1397'), ('INVOCATION_ID', '5fcec56be8f64feb8e4f999f251ebfb8'), ('PAPERSIZE', 'a4'), ('XDG_MENU_PREFIX', 'gnome-'), ('LC_ADDRESS', 'zh_CN.UTF-8'), ('XDG_RUNTIME_DIR', '/run/user/1000'), ('DISPLAY', ':0'), ('LANG', 'zh_CN.UTF-8'), ('XDG_CURRENT_DESKTOP', 'ubuntu:GNOME'), ('LC_TELEPHONE', 'zh_CN.UTF-8'), ('TILIX_ID', 'd4e4dedd-2900-4e6a-b355-84d5a569ff96'), ('XMODIFIERS', '@im=fcitx'), ('XDG_SESSION_DESKTOP', 'ubuntu'), ('XAUTHORITY', '/run/user/1000/gdm/Xauthority'), ('LS_COLORS', 'rs=0:di=01;34:ln=01;36:mh=00:pi=40;33:so=01;35:do=01;35:bd=40;33;01:cd=40;33;01:or=40;31;01:mi=00:su=37;41:sg=30;43:ca=30;41:tw=30;42:ow=34;42:st=37;44:ex=01;32:*.tar=01;31:*.tgz=01;31:*.arc=01;31:*.arj=01;31:*.taz=01;31:*.lha=01;31:*.lz4=01;31:*.lzh=01;31:*.lzma=01;31:*.tlz=01;31:*.txz=01;31:*.tzo=01;31:*.t7z=01;31:*.zip=01;31:*.z=01;31:*.dz=01;31:*.gz=01;31:*.lrz=01;31:*.lz=01;31:*.lzo=01;31:*.xz=01;31:*.zst=01;31:*.tzst=01;31:*.bz2=01;31:*.bz=01;31:*.tbz=01;31:*.tbz2=01;31:*.tz=01;31:*.deb=01;31:*.rpm=01;31:*.jar=01;31:*.war=01;31:*.ear=01;31:*.sar=01;31:*.rar=01;31:*.alz=01;31:*.ace=01;31:*.zoo=01;31:*.cpio=01;31:*.7z=01;31:*.rz=01;31:*.cab=01;31:*.wim=01;31:*.swm=01;31:*.dwm=01;31:*.esd=01;31:*.jpg=01;35:*.jpeg=01;35:*.mjpg=01;35:*.mjpeg=01;35:*.gif=01;35:*.bmp=01;35:*.pbm=01;35:*.pgm=01;35:*.ppm=01;35:*.tga=01;35:*.xbm=01;35:*.xpm=01;35:*.tif=01;35:*.tiff=01;35:*.png=01;35:*.svg=01;35:*.svgz=01;35:*.mng=01;35:*.pcx=01;35:*.mov=01;35:*.mpg=01;35:*.mpeg=01;35:*.m2v=01;35:*.mkv=01;35:*.webm=01;35:*.webp=01;35:*.ogm=01;35:*.mp4=01;35:*.m4v=01;35:*.mp4v=01;35:*.vob=01;35:*.qt=01;35:*.nuv=01;35:*.wmv=01;35:*.asf=01;35:*.rm=01;35:*.rmvb=01;35:*.flc=01;35:*.avi=01;35:*.fli=01;35:*.flv=01;35:*.gl=01;35:*.dl=01;35:*.xcf=01;35:*.xwd=01;35:*.yuv=01;35:*.cgm=01;35:*.emf=01;35:*.ogv=01;35:*.ogx=01;35:*.aac=00;36:*.au=00;36:*.flac=00;36:*.m4a=00;36:*.mid=00;36:*.midi=00;36:*.mka=00;36:*.mp3=00;36:*.mpc=00;36:*.ogg=00;36:*.ra=00;36:*.wav=00;36:*.oga=00;36:*.opus=00;36:*.spx=00;36:*.xspf=00;36:'), ('SSH_AGENT_LAUNCHER', 'gnome-keyring'), ('SSH_AUTH_SOCK', '/run/user/1000/keyring/ssh'), ('AMENT_PREFIX_PATH', '/opt/ros/humble'), ('SHELL', '/bin/bash'), ('LC_NAME', 'zh_CN.UTF-8'), ('QT_ACCESSIBILITY', '1'), ('GDMSESSION', 'ubuntu'), ('LESSCLOSE', '/usr/bin/lesspipe %s %s'), ('LC_MEASUREMENT', 'zh_CN.UTF-8'), ('GPG_AGENT_INFO', '/run/user/1000/gnupg/S.gpg-agent:0:1'), ('LC_IDENTIFICATION', 'zh_CN.UTF-8'), ('QT_IM_MODULE', 'fcitx'), ('PWD', '/home/wangkun/z1_ros2_ws/build/z1_description'), ('LC_ALL', 'en_US.UTF-8'), ('XDG_CONFIG_DIRS', '/etc/xdg/xdg-ubuntu:/etc/xdg'), ('CLUTTER_IM_MODULE', 'fcitx'), ('NVM_CD_FLAGS', ''), ('XDG_DATA_DIRS', '/usr/share/ubuntu:/usr/share/gnome:/usr/local/share/:/usr/share/:/var/lib/snapd/desktop'), ('PYTHONPATH', '/opt/ros/humble/lib/python3.10/site-packages:/opt/ros/humble/local/lib/python3.10/dist-packages'), ('LC_NUMERIC', 'zh_CN.UTF-8'), ('LC_PAPER', 'zh_CN.UTF-8'), ('COLCON', '1'), ('VTE_VERSION', '6800'), ('CMAKE_PREFIX_PATH', '/opt/ros/humble')]), 'shell': False}
[0.055750] (z1_hardware_interface) JobProgress: {'identifier': 'z1_hardware_interface', 'progress': 'cmake'}
[0.061656] (z1_hardware_interface) Command: {'cmd': ['/usr/bin/cmake', '/home/wangkun/z1_ros2_ws/src/z1_ros2/z1_hardware_interface', '-DCMAKE_BUILD_TYPE=Release', '-DCMAKE_INSTALL_PREFIX=/home/wangkun/z1_ros2_ws/install/z1_hardware_interface'], 'cwd': '/home/wangkun/z1_ros2_ws/build/z1_hardware_interface', 'env': OrderedDict([('LESSOPEN', '| /usr/bin/lesspipe %s'), ('LANGUAGE', 'zh_CN:en_US:en'), ('USER', 'wangkun'), ('LC_TIME', 'zh_CN.UTF-8'), ('XDG_SESSION_TYPE', 'x11'), ('SHLVL', '1'), ('LD_LIBRARY_PATH', '/opt/ros/humble/opt/rviz_ogre_vendor/lib:/opt/ros/humble/lib/x86_64-linux-gnu:/opt/ros/humble/lib'), ('HOME', '/home/wangkun'), ('OLDPWD', '/home/wangkun/z1_ros2_ws/src'), ('DESKTOP_SESSION', 'ubuntu'), ('NVM_BIN', '/home/wangkun/.nvm/versions/node/v22.23.2/bin'), ('NVM_INC', '/home/wangkun/.nvm/versions/node/v22.23.2/include/node'), ('ROS_PYTHON_VERSION', '3'), ('GNOME_SHELL_SESSION_MODE', 'ubuntu'), ('GTK_MODULES', 'gail:atk-bridge'), ('LC_MONETARY', 'zh_CN.UTF-8'), ('MANAGERPID', '1116'), ('SYSTEMD_EXEC_PID', '1639'), ('DBUS_SESSION_BUS_ADDRESS', 'unix:path=/run/user/1000/bus'), ('COLORTERM', 'truecolor'), ('GIO_LAUNCHED_DESKTOP_FILE_PID', '2990'), ('NVM_DIR', '/home/wangkun/.nvm'), ('IM_CONFIG_PHASE', '1'), ('ROS_DISTRO', 'humble'), ('GTK_IM_MODULE', 'fcitx'), ('LOGNAME', 'wangkun'), ('JOURNAL_STREAM', '8:22053'), ('_', '/usr/bin/colcon'), ('ROS_VERSION', '2'), ('XDG_SESSION_CLASS', 'user'), ('USERNAME', 'wangkun'), ('TERM', 'xterm-256color'), ('GNOME_DESKTOP_SESSION_ID', 'this-is-deprecated'), ('ROS_LOCALHOST_ONLY', '0'), ('WINDOWPATH', '2'), ('PATH', '/home/wangkun/.nvm/versions/node/v22.23.2/bin:/opt/ros/humble/bin:/usr/local/sbin:/usr/local/bin:/usr/sbin:/usr/bin:/sbin:/bin:/usr/games:/usr/local/games:/snap/bin:/snap/bin'), ('SESSION_MANAGER', 'local/wangkun-virtual-machine:@/tmp/.ICE-unix/1397,unix/wangkun-virtual-machine:/tmp/.ICE-unix/1397'), ('INVOCATION_ID', '5fcec56be8f64feb8e4f999f251ebfb8'), ('PAPERSIZE', 'a4'), ('XDG_MENU_PREFIX', 'gnome-'), ('LC_ADDRESS', 'zh_CN.UTF-8'), ('XDG_RUNTIME_DIR', '/run/user/1000'), ('DISPLAY', ':0'), ('LANG', 'zh_CN.UTF-8'), ('XDG_CURRENT_DESKTOP', 'ubuntu:GNOME'), ('LC_TELEPHONE', 'zh_CN.UTF-8'), ('TILIX_ID', 'd4e4dedd-2900-4e6a-b355-84d5a569ff96'), ('XMODIFIERS', '@im=fcitx'), ('XDG_SESSION_DESKTOP', 'ubuntu'), ('XAUTHORITY', '/run/user/1000/gdm/Xauthority'), ('LS_COLORS', 'rs=0:di=01;34:ln=01;36:mh=00:pi=40;33:so=01;35:do=01;35:bd=40;33;01:cd=40;33;01:or=40;31;01:mi=00:su=37;41:sg=30;43:ca=30;41:tw=30;42:ow=34;42:st=37;44:ex=01;32:*.tar=01;31:*.tgz=01;31:*.arc=01;31:*.arj=01;31:*.taz=01;31:*.lha=01;31:*.lz4=01;31:*.lzh=01;31:*.lzma=01;31:*.tlz=01;31:*.txz=01;31:*.tzo=01;31:*.t7z=01;31:*.zip=01;31:*.z=01;31:*.dz=01;31:*.gz=01;31:*.lrz=01;31:*.lz=01;31:*.lzo=01;31:*.xz=01;31:*.zst=01;31:*.tzst=01;31:*.bz2=01;31:*.bz=01;31:*.tbz=01;31:*.tbz2=01;31:*.tz=01;31:*.deb=01;31:*.rpm=01;31:*.jar=01;31:*.war=01;31:*.ear=01;31:*.sar=01;31:*.rar=01;31:*.alz=01;31:*.ace=01;31:*.zoo=01;31:*.cpio=01;31:*.7z=01;31:*.rz=01;31:*.cab=01;31:*.wim=01;31:*.swm=01;31:*.dwm=01;31:*.esd=01;31:*.jpg=01;35:*.jpeg=01;35:*.mjpg=01;35:*.mjpeg=01;35:*.gif=01;35:*.bmp=01;35:*.pbm=01;35:*.pgm=01;35:*.ppm=01;35:*.tga=01;35:*.xbm=01;35:*.xpm=01;35:*.tif=01;35:*.tiff=01;35:*.png=01;35:*.svg=01;35:*.svgz=01;35:*.mng=01;35:*.pcx=01;35:*.mov=01;35:*.mpg=01;35:*.mpeg=01;35:*.m2v=01;35:*.mkv=01;35:*.webm=01;35:*.webp=01;35:*.ogm=01;35:*.mp4=01;35:*.m4v=01;35:*.mp4v=01;35:*.vob=01;35:*.qt=01;35:*.nuv=01;35:*.wmv=01;35:*.asf=01;35:*.rm=01;35:*.rmvb=01;35:*.flc=01;35:*.avi=01;35:*.fli=01;35:*.flv=01;35:*.gl=01;35:*.dl=01;35:*.xcf=01;35:*.xwd=01;35:*.yuv=01;35:*.cgm=01;35:*.emf=01;35:*.ogv=01;35:*.ogx=01;35:*.aac=00;36:*.au=00;36:*.flac=00;36:*.m4a=00;36:*.mid=00;36:*.midi=00;36:*.mka=00;36:*.mp3=00;36:*.mpc=00;36:*.ogg=00;36:*.ra=00;36:*.wav=00;36:*.oga=00;36:*.opus=00;36:*.spx=00;36:*.xspf=00;36:'), ('SSH_AGENT_LAUNCHER', 'gnome-keyring'), ('SSH_AUTH_SOCK', '/run/user/1000/keyring/ssh'), ('AMENT_PREFIX_PATH', '/opt/ros/humble'), ('SHELL', '/bin/bash'), ('LC_NAME', 'zh_CN.UTF-8'), ('QT_ACCESSIBILITY', '1'), ('GDMSESSION', 'ubuntu'), ('LESSCLOSE', '/usr/bin/lesspipe %s %s'), ('LC_MEASUREMENT', 'zh_CN.UTF-8'), ('GPG_AGENT_INFO', '/run/user/1000/gnupg/S.gpg-agent:0:1'), ('LC_IDENTIFICATION', 'zh_CN.UTF-8'), ('QT_IM_MODULE', 'fcitx'), ('PWD', '/home/wangkun/z1_ros2_ws/build/z1_hardware_interface'), ('LC_ALL', 'en_US.UTF-8'), ('XDG_CONFIG_DIRS', '/etc/xdg/xdg-ubuntu:/etc/xdg'), ('CLUTTER_IM_MODULE', 'fcitx'), ('NVM_CD_FLAGS', ''), ('XDG_DATA_DIRS', '/usr/share/ubuntu:/usr/share/gnome:/usr/local/share/:/usr/share/:/var/lib/snapd/desktop'), ('PYTHONPATH', '/opt/ros/humble/lib/python3.10/site-packages:/opt/ros/humble/local/lib/python3.10/dist-packages'), ('LC_NUMERIC', 'zh_CN.UTF-8'), ('LC_PAPER', 'zh_CN.UTF-8'), ('COLCON', '1'), ('VTE_VERSION', '6800'), ('CMAKE_PREFIX_PATH', '/opt/ros/humble')]), 'shell': False}
[0.100117] (-) TimerEvent: {}
[0.201382] (-) TimerEvent: {}
[0.302535] (-) TimerEvent: {}
[0.395292] (z1_hardware_interface) StdoutLine: {'line': b'-- The C compiler identification is GNU 11.4.0\n'}
[0.395874] (z1_description) StdoutLine: {'line': b'-- The C compiler identification is GNU 11.4.0\n'}
[0.403459] (-) TimerEvent: {}
[0.504029] (-) TimerEvent: {}
[0.604956] (-) TimerEvent: {}
[0.626536] (z1_description) StdoutLine: {'line': b'-- The CXX compiler identification is GNU 11.4.0\n'}
[0.628748] (z1_hardware_interface) StdoutLine: {'line': b'-- The CXX compiler identification is GNU 11.4.0\n'}
[0.654210] (z1_hardware_interface) StdoutLine: {'line': b'-- Detecting C compiler ABI info\n'}
[0.654627] (z1_description) StdoutLine: {'line': b'-- Detecting C compiler ABI info\n'}
[0.705284] (-) TimerEvent: {}
[0.808600] (-) TimerEvent: {}
[0.852468] (z1_description) StdoutLine: {'line': b'-- Detecting C compiler ABI info - done\n'}
[0.862628] (z1_hardware_interface) StdoutLine: {'line': b'-- Detecting C compiler ABI info - done\n'}
[0.869202] (z1_description) StdoutLine: {'line': b'-- Check for working C compiler: /usr/bin/cc - skipped\n'}
[0.869891] (z1_description) StdoutLine: {'line': b'-- Detecting C compile features\n'}
[0.871191] (z1_description) StdoutLine: {'line': b'-- Detecting C compile features - done\n'}
[0.875605] (z1_hardware_interface) StdoutLine: {'line': b'-- Check for working C compiler: /usr/bin/cc - skipped\n'}
[0.876409] (z1_hardware_interface) StdoutLine: {'line': b'-- Detecting C compile features\n'}
[0.877316] (z1_hardware_interface) StdoutLine: {'line': b'-- Detecting C compile features - done\n'}
[0.880788] (z1_description) StdoutLine: {'line': b'-- Detecting CXX compiler ABI info\n'}
[0.884673] (z1_hardware_interface) StdoutLine: {'line': b'-- Detecting CXX compiler ABI info\n'}
[0.909568] (-) TimerEvent: {}
[1.010502] (-) TimerEvent: {}
[1.075025] (z1_description) StdoutLine: {'line': b'-- Detecting CXX compiler ABI info - done\n'}
[1.075966] (z1_hardware_interface) StdoutLine: {'line': b'-- Detecting CXX compiler ABI info - done\n'}
[1.086955] (z1_description) StdoutLine: {'line': b'-- Check for working CXX compiler: /usr/bin/c++ - skipped\n'}
[1.088421] (z1_description) StdoutLine: {'line': b'-- Detecting CXX compile features\n'}
[1.089204] (z1_description) StdoutLine: {'line': b'-- Detecting CXX compile features - done\n'}
[1.089361] (z1_hardware_interface) StdoutLine: {'line': b'-- Check for working CXX compiler: /usr/bin/c++ - skipped\n'}
[1.090397] (z1_hardware_interface) StdoutLine: {'line': b'-- Detecting CXX compile features\n'}
[1.091050] (z1_hardware_interface) StdoutLine: {'line': b'-- Detecting CXX compile features - done\n'}
[1.110896] (-) TimerEvent: {}
[1.119464] (z1_description) StdoutLine: {'line': b'-- Found ament_cmake: 1.3.14 (/opt/ros/humble/share/ament_cmake/cmake)\n'}
[1.122454] (z1_hardware_interface) StdoutLine: {'line': b'-- Found ament_cmake: 1.3.14 (/opt/ros/humble/share/ament_cmake/cmake)\n'}
[1.212228] (-) TimerEvent: {}
[1.313268] (-) TimerEvent: {}
[1.404135] (z1_hardware_interface) StdoutLine: {'line': b'-- Found Python3: /usr/bin/python3 (found version "3.10.12") found components: Interpreter \n'}
[1.413689] (-) TimerEvent: {}
[1.426311] (z1_description) StdoutLine: {'line': b'-- Found Python3: /usr/bin/python3 (found version "3.10.12") found components: Interpreter \n'}
[1.514647] (-) TimerEvent: {}
[1.615359] (-) TimerEvent: {}
[1.629762] (z1_hardware_interface) StdoutLine: {'line': b'-- Found hardware_interface: 2.54.2 (/opt/ros/humble/share/hardware_interface/cmake)\n'}
[1.716859] (-) TimerEvent: {}
[1.769497] (z1_description) StdoutLine: {'line': b'-- Configuring done\n'}
[1.776532] (z1_description) StdoutLine: {'line': b'-- Generating done\n'}
[1.781223] (z1_description) StdoutLine: {'line': b'-- Build files have been written to: /home/wangkun/z1_ros2_ws/build/z1_description\n'}
[1.789854] (z1_hardware_interface) StdoutLine: {'line': b'-- Found rosidl_generator_c: 3.1.9 (/opt/ros/humble/share/rosidl_generator_c/cmake)\n'}
[1.791684] (z1_description) CommandEnded: {'returncode': 0}
[1.797486] (z1_description) JobProgress: {'identifier': 'z1_description', 'progress': 'build'}
[1.797605] (z1_description) Command: {'cmd': ['/usr/bin/cmake', '--build', '/home/wangkun/z1_ros2_ws/build/z1_description', '--', '-j2', '-l2'], 'cwd': '/home/wangkun/z1_ros2_ws/build/z1_description', 'env': OrderedDict([('LESSOPEN', '| /usr/bin/lesspipe %s'), ('LANGUAGE', 'zh_CN:en_US:en'), ('USER', 'wangkun'), ('LC_TIME', 'zh_CN.UTF-8'), ('XDG_SESSION_TYPE', 'x11'), ('SHLVL', '1'), ('LD_LIBRARY_PATH', '/opt/ros/humble/opt/rviz_ogre_vendor/lib:/opt/ros/humble/lib/x86_64-linux-gnu:/opt/ros/humble/lib'), ('HOME', '/home/wangkun'), ('OLDPWD', '/home/wangkun/z1_ros2_ws/src'), ('DESKTOP_SESSION', 'ubuntu'), ('NVM_BIN', '/home/wangkun/.nvm/versions/node/v22.23.2/bin'), ('NVM_INC', '/home/wangkun/.nvm/versions/node/v22.23.2/include/node'), ('ROS_PYTHON_VERSION', '3'), ('GNOME_SHELL_SESSION_MODE', 'ubuntu'), ('GTK_MODULES', 'gail:atk-bridge'), ('LC_MONETARY', 'zh_CN.UTF-8'), ('MANAGERPID', '1116'), ('SYSTEMD_EXEC_PID', '1639'), ('DBUS_SESSION_BUS_ADDRESS', 'unix:path=/run/user/1000/bus'), ('COLORTERM', 'truecolor'), ('GIO_LAUNCHED_DESKTOP_FILE_PID', '2990'), ('NVM_DIR', '/home/wangkun/.nvm'), ('IM_CONFIG_PHASE', '1'), ('ROS_DISTRO', 'humble'), ('GTK_IM_MODULE', 'fcitx'), ('LOGNAME', 'wangkun'), ('JOURNAL_STREAM', '8:22053'), ('_', '/usr/bin/colcon'), ('ROS_VERSION', '2'), ('XDG_SESSION_CLASS', 'user'), ('USERNAME', 'wangkun'), ('TERM', 'xterm-256color'), ('GNOME_DESKTOP_SESSION_ID', 'this-is-deprecated'), ('ROS_LOCALHOST_ONLY', '0'), ('WINDOWPATH', '2'), ('PATH', '/home/wangkun/.nvm/versions/node/v22.23.2/bin:/opt/ros/humble/bin:/usr/local/sbin:/usr/local/bin:/usr/sbin:/usr/bin:/sbin:/bin:/usr/games:/usr/local/games:/snap/bin:/snap/bin'), ('SESSION_MANAGER', 'local/wangkun-virtual-machine:@/tmp/.ICE-unix/1397,unix/wangkun-virtual-machine:/tmp/.ICE-unix/1397'), ('INVOCATION_ID', '5fcec56be8f64feb8e4f999f251ebfb8'), ('PAPERSIZE', 'a4'), ('XDG_MENU_PREFIX', 'gnome-'), ('LC_ADDRESS', 'zh_CN.UTF-8'), ('XDG_RUNTIME_DIR', '/run/user/1000'), ('DISPLAY', ':0'), ('LANG', 'zh_CN.UTF-8'), ('XDG_CURRENT_DESKTOP', 'ubuntu:GNOME'), ('LC_TELEPHONE', 'zh_CN.UTF-8'), ('TILIX_ID', 'd4e4dedd-2900-4e6a-b355-84d5a569ff96'), ('XMODIFIERS', '@im=fcitx'), ('XDG_SESSION_DESKTOP', 'ubuntu'), ('XAUTHORITY', '/run/user/1000/gdm/Xauthority'), ('LS_COLORS', 'rs=0:di=01;34:ln=01;36:mh=00:pi=40;33:so=01;35:do=01;35:bd=40;33;01:cd=40;33;01:or=40;31;01:mi=00:su=37;41:sg=30;43:ca=30;41:tw=30;42:ow=34;42:st=37;44:ex=01;32:*.tar=01;31:*.tgz=01;31:*.arc=01;31:*.arj=01;31:*.taz=01;31:*.lha=01;31:*.lz4=01;31:*.lzh=01;31:*.lzma=01;31:*.tlz=01;31:*.txz=01;31:*.tzo=01;31:*.t7z=01;31:*.zip=01;31:*.z=01;31:*.dz=01;31:*.gz=01;31:*.lrz=01;31:*.lz=01;31:*.lzo=01;31:*.xz=01;31:*.zst=01;31:*.tzst=01;31:*.bz2=01;31:*.bz=01;31:*.tbz=01;31:*.tbz2=01;31:*.tz=01;31:*.deb=01;31:*.rpm=01;31:*.jar=01;31:*.war=01;31:*.ear=01;31:*.sar=01;31:*.rar=01;31:*.alz=01;31:*.ace=01;31:*.zoo=01;31:*.cpio=01;31:*.7z=01;31:*.rz=01;31:*.cab=01;31:*.wim=01;31:*.swm=01;31:*.dwm=01;31:*.esd=01;31:*.jpg=01;35:*.jpeg=01;35:*.mjpg=01;35:*.mjpeg=01;35:*.gif=01;35:*.bmp=01;35:*.pbm=01;35:*.pgm=01;35:*.ppm=01;35:*.tga=01;35:*.xbm=01;35:*.xpm=01;35:*.tif=01;35:*.tiff=01;35:*.png=01;35:*.svg=01;35:*.svgz=01;35:*.mng=01;35:*.pcx=01;35:*.mov=01;35:*.mpg=01;35:*.mpeg=01;35:*.m2v=01;35:*.mkv=01;35:*.webm=01;35:*.webp=01;35:*.ogm=01;35:*.mp4=01;35:*.m4v=01;35:*.mp4v=01;35:*.vob=01;35:*.qt=01;35:*.nuv=01;35:*.wmv=01;35:*.asf=01;35:*.rm=01;35:*.rmvb=01;35:*.flc=01;35:*.avi=01;35:*.fli=01;35:*.flv=01;35:*.gl=01;35:*.dl=01;35:*.xcf=01;35:*.xwd=01;35:*.yuv=01;35:*.cgm=01;35:*.emf=01;35:*.ogv=01;35:*.ogx=01;35:*.aac=00;36:*.au=00;36:*.flac=00;36:*.m4a=00;36:*.mid=00;36:*.midi=00;36:*.mka=00;36:*.mp3=00;36:*.mpc=00;36:*.ogg=00;36:*.ra=00;36:*.wav=00;36:*.oga=00;36:*.opus=00;36:*.spx=00;36:*.xspf=00;36:'), ('SSH_AGENT_LAUNCHER', 'gnome-keyring'), ('SSH_AUTH_SOCK', '/run/user/1000/keyring/ssh'), ('AMENT_PREFIX_PATH', '/opt/ros/humble'), ('SHELL', '/bin/bash'), ('LC_NAME', 'zh_CN.UTF-8'), ('QT_ACCESSIBILITY', '1'), ('GDMSESSION', 'ubuntu'), ('LESSCLOSE', '/usr/bin/lesspipe %s %s'), ('LC_MEASUREMENT', 'zh_CN.UTF-8'), ('GPG_AGENT_INFO', '/run/user/1000/gnupg/S.gpg-agent:0:1'), ('LC_IDENTIFICATION', 'zh_CN.UTF-8'), ('QT_IM_MODULE', 'fcitx'), ('PWD', '/home/wangkun/z1_ros2_ws/build/z1_description'), ('LC_ALL', 'en_US.UTF-8'), ('XDG_CONFIG_DIRS', '/etc/xdg/xdg-ubuntu:/etc/xdg'), ('CLUTTER_IM_MODULE', 'fcitx'), ('NVM_CD_FLAGS', ''), ('XDG_DATA_DIRS', '/usr/share/ubuntu:/usr/share/gnome:/usr/local/share/:/usr/share/:/var/lib/snapd/desktop'), ('PYTHONPATH', '/opt/ros/humble/lib/python3.10/site-packages:/opt/ros/humble/local/lib/python3.10/dist-packages'), ('LC_NUMERIC', 'zh_CN.UTF-8'), ('LC_PAPER', 'zh_CN.UTF-8'), ('COLCON', '1'), ('VTE_VERSION', '6800'), ('CMAKE_PREFIX_PATH', '/opt/ros/humble')]), 'shell': False}
[1.809851] (z1_hardware_interface) StdoutLine: {'line': b'-- Found rosidl_adapter: 3.1.9 (/opt/ros/humble/share/rosidl_adapter/cmake)\n'}
[1.817204] (-) TimerEvent: {}
[1.843102] (z1_hardware_interface) StdoutLine: {'line': b'-- Found rosidl_generator_cpp: 3.1.9 (/opt/ros/humble/share/rosidl_generator_cpp/cmake)\n'}
[1.895792] (z1_hardware_interface) StdoutLine: {'line': b'-- Using all available rosidl_typesupport_c: rosidl_typesupport_fastrtps_c;rosidl_typesupport_introspection_c\n'}
[1.909568] (z1_description) CommandEnded: {'returncode': 0}
[1.910116] (z1_description) JobProgress: {'identifier': 'z1_description', 'progress': 'install'}
[1.917630] (-) TimerEvent: {}
[1.929161] (z1_description) Command: {'cmd': ['/usr/bin/cmake', '--install', '/home/wangkun/z1_ros2_ws/build/z1_description'], 'cwd': '/home/wangkun/z1_ros2_ws/build/z1_description', 'env': OrderedDict([('LESSOPEN', '| /usr/bin/lesspipe %s'), ('LANGUAGE', 'zh_CN:en_US:en'), ('USER', 'wangkun'), ('LC_TIME', 'zh_CN.UTF-8'), ('XDG_SESSION_TYPE', 'x11'), ('SHLVL', '1'), ('LD_LIBRARY_PATH', '/opt/ros/humble/opt/rviz_ogre_vendor/lib:/opt/ros/humble/lib/x86_64-linux-gnu:/opt/ros/humble/lib'), ('HOME', '/home/wangkun'), ('OLDPWD', '/home/wangkun/z1_ros2_ws/src'), ('DESKTOP_SESSION', 'ubuntu'), ('NVM_BIN', '/home/wangkun/.nvm/versions/node/v22.23.2/bin'), ('NVM_INC', '/home/wangkun/.nvm/versions/node/v22.23.2/include/node'), ('ROS_PYTHON_VERSION', '3'), ('GNOME_SHELL_SESSION_MODE', 'ubuntu'), ('GTK_MODULES', 'gail:atk-bridge'), ('LC_MONETARY', 'zh_CN.UTF-8'), ('MANAGERPID', '1116'), ('SYSTEMD_EXEC_PID', '1639'), ('DBUS_SESSION_BUS_ADDRESS', 'unix:path=/run/user/1000/bus'), ('COLORTERM', 'truecolor'), ('GIO_LAUNCHED_DESKTOP_FILE_PID', '2990'), ('NVM_DIR', '/home/wangkun/.nvm'), ('IM_CONFIG_PHASE', '1'), ('ROS_DISTRO', 'humble'), ('GTK_IM_MODULE', 'fcitx'), ('LOGNAME', 'wangkun'), ('JOURNAL_STREAM', '8:22053'), ('_', '/usr/bin/colcon'), ('ROS_VERSION', '2'), ('XDG_SESSION_CLASS', 'user'), ('USERNAME', 'wangkun'), ('TERM', 'xterm-256color'), ('GNOME_DESKTOP_SESSION_ID', 'this-is-deprecated'), ('ROS_LOCALHOST_ONLY', '0'), ('WINDOWPATH', '2'), ('PATH', '/home/wangkun/.nvm/versions/node/v22.23.2/bin:/opt/ros/humble/bin:/usr/local/sbin:/usr/local/bin:/usr/sbin:/usr/bin:/sbin:/bin:/usr/games:/usr/local/games:/snap/bin:/snap/bin'), ('SESSION_MANAGER', 'local/wangkun-virtual-machine:@/tmp/.ICE-unix/1397,unix/wangkun-virtual-machine:/tmp/.ICE-unix/1397'), ('INVOCATION_ID', '5fcec56be8f64feb8e4f999f251ebfb8'), ('PAPERSIZE', 'a4'), ('XDG_MENU_PREFIX', 'gnome-'), ('LC_ADDRESS', 'zh_CN.UTF-8'), ('XDG_RUNTIME_DIR', '/run/user/1000'), ('DISPLAY', ':0'), ('LANG', 'zh_CN.UTF-8'), ('XDG_CURRENT_DESKTOP', 'ubuntu:GNOME'), ('LC_TELEPHONE', 'zh_CN.UTF-8'), ('TILIX_ID', 'd4e4dedd-2900-4e6a-b355-84d5a569ff96'), ('XMODIFIERS', '@im=fcitx'), ('XDG_SESSION_DESKTOP', 'ubuntu'), ('XAUTHORITY', '/run/user/1000/gdm/Xauthority'), ('LS_COLORS', 'rs=0:di=01;34:ln=01;36:mh=00:pi=40;33:so=01;35:do=01;35:bd=40;33;01:cd=40;33;01:or=40;31;01:mi=00:su=37;41:sg=30;43:ca=30;41:tw=30;42:ow=34;42:st=37;44:ex=01;32:*.tar=01;31:*.tgz=01;31:*.arc=01;31:*.arj=01;31:*.taz=01;31:*.lha=01;31:*.lz4=01;31:*.lzh=01;31:*.lzma=01;31:*.tlz=01;31:*.txz=01;31:*.tzo=01;31:*.t7z=01;31:*.zip=01;31:*.z=01;31:*.dz=01;31:*.gz=01;31:*.lrz=01;31:*.lz=01;31:*.lzo=01;31:*.xz=01;31:*.zst=01;31:*.tzst=01;31:*.bz2=01;31:*.bz=01;31:*.tbz=01;31:*.tbz2=01;31:*.tz=01;31:*.deb=01;31:*.rpm=01;31:*.jar=01;31:*.war=01;31:*.ear=01;31:*.sar=01;31:*.rar=01;31:*.alz=01;31:*.ace=01;31:*.zoo=01;31:*.cpio=01;31:*.7z=01;31:*.rz=01;31:*.cab=01;31:*.wim=01;31:*.swm=01;31:*.dwm=01;31:*.esd=01;31:*.jpg=01;35:*.jpeg=01;35:*.mjpg=01;35:*.mjpeg=01;35:*.gif=01;35:*.bmp=01;35:*.pbm=01;35:*.pgm=01;35:*.ppm=01;35:*.tga=01;35:*.xbm=01;35:*.xpm=01;35:*.tif=01;35:*.tiff=01;35:*.png=01;35:*.svg=01;35:*.svgz=01;35:*.mng=01;35:*.pcx=01;35:*.mov=01;35:*.mpg=01;35:*.mpeg=01;35:*.m2v=01;35:*.mkv=01;35:*.webm=01;35:*.webp=01;35:*.ogm=01;35:*.mp4=01;35:*.m4v=01;35:*.mp4v=01;35:*.vob=01;35:*.qt=01;35:*.nuv=01;35:*.wmv=01;35:*.asf=01;35:*.rm=01;35:*.rmvb=01;35:*.flc=01;35:*.avi=01;35:*.fli=01;35:*.flv=01;35:*.gl=01;35:*.dl=01;35:*.xcf=01;35:*.xwd=01;35:*.yuv=01;35:*.cgm=01;35:*.emf=01;35:*.ogv=01;35:*.ogx=01;35:*.aac=00;36:*.au=00;36:*.flac=00;36:*.m4a=00;36:*.mid=00;36:*.midi=00;36:*.mka=00;36:*.mp3=00;36:*.mpc=00;36:*.ogg=00;36:*.ra=00;36:*.wav=00;36:*.oga=00;36:*.opus=00;36:*.spx=00;36:*.xspf=00;36:'), ('SSH_AGENT_LAUNCHER', 'gnome-keyring'), ('SSH_AUTH_SOCK', '/run/user/1000/keyring/ssh'), ('AMENT_PREFIX_PATH', '/opt/ros/humble'), ('SHELL', '/bin/bash'), ('LC_NAME', 'zh_CN.UTF-8'), ('QT_ACCESSIBILITY', '1'), ('GDMSESSION', 'ubuntu'), ('LESSCLOSE', '/usr/bin/lesspipe %s %s'), ('LC_MEASUREMENT', 'zh_CN.UTF-8'), ('GPG_AGENT_INFO', '/run/user/1000/gnupg/S.gpg-agent:0:1'), ('LC_IDENTIFICATION', 'zh_CN.UTF-8'), ('QT_IM_MODULE', 'fcitx'), ('PWD', '/home/wangkun/z1_ros2_ws/build/z1_description'), ('LC_ALL', 'en_US.UTF-8'), ('XDG_CONFIG_DIRS', '/etc/xdg/xdg-ubuntu:/etc/xdg'), ('CLUTTER_IM_MODULE', 'fcitx'), ('NVM_CD_FLAGS', ''), ('XDG_DATA_DIRS', '/usr/share/ubuntu:/usr/share/gnome:/usr/local/share/:/usr/share/:/var/lib/snapd/desktop'), ('PYTHONPATH', '/opt/ros/humble/lib/python3.10/site-packages:/opt/ros/humble/local/lib/python3.10/dist-packages'), ('LC_NUMERIC', 'zh_CN.UTF-8'), ('LC_PAPER', 'zh_CN.UTF-8'), ('COLCON', '1'), ('VTE_VERSION', '6800'), ('CMAKE_PREFIX_PATH', '/opt/ros/humble')]), 'shell': False}
[1.947867] (z1_description) StdoutLine: {'line': b'-- Install configuration: "Release"\n'}
[1.948415] (z1_description) StdoutLine: {'line': b'-- Installing: /home/wangkun/z1_ros2_ws/install/z1_description/share/z1_description/urdf\n'}
[1.948513] (z1_description) StdoutLine: {'line': b'-- Installing: /home/wangkun/z1_ros2_ws/install/z1_description/share/z1_description/urdf/z1.ros2_control.xacro\n'}
[1.948588] (z1_description) StdoutLine: {'line': b'-- Installing: /home/wangkun/z1_ros2_ws/install/z1_description/share/z1_description/urdf/const.xacro\n'}
[1.948654] (z1_description) StdoutLine: {'line': b'-- Installing: /home/wangkun/z1_ros2_ws/install/z1_description/share/z1_description/urdf/z1.urdf.xacro\n'}
[1.949561] (z1_description) StdoutLine: {'line': b'-- Installing: /home/wangkun/z1_ros2_ws/install/z1_description/share/z1_description/meshes\n'}
[1.949707] (z1_description) StdoutLine: {'line': b'-- Installing: /home/wangkun/z1_ros2_ws/install/z1_description/share/z1_description/meshes/visual\n'}
[1.950156] (z1_description) StdoutLine: {'line': b'-- Installing: /home/wangkun/z1_ros2_ws/install/z1_description/share/z1_description/meshes/visual/z1_GripperMover.dae\n'}
[1.959543] (z1_hardware_interface) StdoutLine: {'line': b'-- Using all available rosidl_typesupport_cpp: rosidl_typesupport_fastrtps_cpp;rosidl_typesupport_introspection_cpp\n'}
[1.966173] (z1_description) StdoutLine: {'line': b'-- Installing: /home/wangkun/z1_ros2_ws/install/z1_description/share/z1_description/meshes/visual/z1_Link04.dae\n'}
[1.980268] (z1_description) StdoutLine: {'line': b'-- Installing: /home/wangkun/z1_ros2_ws/install/z1_description/share/z1_description/meshes/visual/z1_Link01.dae\n'}
[2.010546] (z1_description) StdoutLine: {'line': b'-- Installing: /home/wangkun/z1_ros2_ws/install/z1_description/share/z1_description/meshes/visual/z1_Link06.dae\n'}
[2.014754] (z1_description) StdoutLine: {'line': b'-- Installing: /home/wangkun/z1_ros2_ws/install/z1_description/share/z1_description/meshes/visual/z1_Link02.dae\n'}
[2.018195] (-) TimerEvent: {}
[2.027644] (z1_description) StdoutLine: {'line': b'-- Installing: /home/wangkun/z1_ros2_ws/install/z1_description/share/z1_description/meshes/visual/z1_Link05.dae\n'}
[2.039225] (z1_description) StdoutLine: {'line': b'-- Installing: /home/wangkun/z1_ros2_ws/install/z1_description/share/z1_description/meshes/visual/z1_GripperStator.dae\n'}
[2.065534] (z1_description) StdoutLine: {'line': b'-- Installing: /home/wangkun/z1_ros2_ws/install/z1_description/share/z1_description/meshes/visual/z1_Link03.dae\n'}
[2.087090] (z1_description) StdoutLine: {'line': b'-- Installing: /home/wangkun/z1_ros2_ws/install/z1_description/share/z1_description/meshes/visual/z1_Link00.dae\n'}
[2.095346] (z1_description) StdoutLine: {'line': b'-- Installing: /home/wangkun/z1_ros2_ws/install/z1_description/share/z1_description/meshes/collision\n'}
[2.096417] (z1_description) StdoutLine: {'line': b'-- Installing: /home/wangkun/z1_ros2_ws/install/z1_description/share/z1_description/meshes/collision/z1_GripperStator.STL\n'}
[2.112673] (z1_description) StdoutLine: {'line': b'-- Installing: /home/wangkun/z1_ros2_ws/install/z1_description/share/z1_description/meshes/collision/z1_Link00.STL\n'}
[2.119445] (-) TimerEvent: {}
[2.120954] (z1_description) StdoutLine: {'line': b'-- Installing: /home/wangkun/z1_ros2_ws/install/z1_description/share/z1_description/meshes/collision/z1_Link02.STL\n'}
[2.132828] (z1_description) StdoutLine: {'line': b'-- Installing: /home/wangkun/z1_ros2_ws/install/z1_description/share/z1_description/meshes/collision/z1_Link05.STL\n'}
[2.142618] (z1_description) StdoutLine: {'line': b'-- Installing: /home/wangkun/z1_ros2_ws/install/z1_description/share/z1_description/meshes/collision/z1_GripperMover.STL\n'}
[2.151321] (z1_description) StdoutLine: {'line': b'-- Installing: /home/wangkun/z1_ros2_ws/install/z1_description/share/z1_description/meshes/collision/z1_Link03.STL\n'}
[2.166055] (z1_description) StdoutLine: {'line': b'-- Installing: /home/wangkun/z1_ros2_ws/install/z1_description/share/z1_description/meshes/collision/z1_Link04.STL\n'}
[2.178407] (z1_description) StdoutLine: {'line': b'-- Installing: /home/wangkun/z1_ros2_ws/install/z1_description/share/z1_description/meshes/collision/z1_Link01.STL\n'}
[2.198229] (z1_description) StdoutLine: {'line': b'-- Installing: /home/wangkun/z1_ros2_ws/install/z1_description/share/z1_description/meshes/collision/z1_Link06.STL\n'}
[2.200860] (z1_description) StdoutLine: {'line': b'-- Installing: /home/wangkun/z1_ros2_ws/install/z1_description/share/ament_index/resource_index/package_run_dependencies/z1_description\n'}
[2.202428] (z1_description) StdoutLine: {'line': b'-- Installing: /home/wangkun/z1_ros2_ws/install/z1_description/share/ament_index/resource_index/parent_prefix_path/z1_description\n'}
[2.202544] (z1_description) StdoutLine: {'line': b'-- Installing: /home/wangkun/z1_ros2_ws/install/z1_description/share/z1_description/environment/ament_prefix_path.sh\n'}
[2.205189] (z1_description) StdoutLine: {'line': b'-- Installing: /home/wangkun/z1_ros2_ws/install/z1_description/share/z1_description/environment/ament_prefix_path.dsv\n'}
[2.205414] (z1_description) StdoutLine: {'line': b'-- Installing: /home/wangkun/z1_ros2_ws/install/z1_description/share/z1_description/environment/path.sh\n'}
[2.205662] (z1_description) StdoutLine: {'line': b'-- Installing: /home/wangkun/z1_ros2_ws/install/z1_description/share/z1_description/environment/path.dsv\n'}
[2.205752] (z1_description) StdoutLine: {'line': b'-- Installing: /home/wangkun/z1_ros2_ws/install/z1_description/share/z1_description/local_setup.bash\n'}
[2.205829] (z1_description) StdoutLine: {'line': b'-- Installing: /home/wangkun/z1_ros2_ws/install/z1_description/share/z1_description/local_setup.sh\n'}
[2.205899] (z1_description) StdoutLine: {'line': b'-- Installing: /home/wangkun/z1_ros2_ws/install/z1_description/share/z1_description/local_setup.zsh\n'}
[2.206908] (z1_description) StdoutLine: {'line': b'-- Installing: /home/wangkun/z1_ros2_ws/install/z1_description/share/z1_description/local_setup.dsv\n'}
[2.207734] (z1_description) StdoutLine: {'line': b'-- Installing: /home/wangkun/z1_ros2_ws/install/z1_description/share/z1_description/package.dsv\n'}
[2.207825] (z1_description) StdoutLine: {'line': b'-- Installing: /home/wangkun/z1_ros2_ws/install/z1_description/share/ament_index/resource_index/packages/z1_description\n'}
[2.207899] (z1_description) StdoutLine: {'line': b'-- Installing: /home/wangkun/z1_ros2_ws/install/z1_description/share/z1_description/cmake/z1_descriptionConfig.cmake\n'}
[2.208751] (z1_description) StdoutLine: {'line': b'-- Installing: /home/wangkun/z1_ros2_ws/install/z1_description/share/z1_description/cmake/z1_descriptionConfig-version.cmake\n'}
[2.208958] (z1_description) StdoutLine: {'line': b'-- Installing: /home/wangkun/z1_ros2_ws/install/z1_description/share/z1_description/package.xml\n'}
[2.213656] (z1_description) CommandEnded: {'returncode': 0}
[2.219656] (-) TimerEvent: {}
[2.264823] (z1_description) JobEnded: {'identifier': 'z1_description', 'rc': 0}
[2.265590] (z1_moveit) JobStarted: {'identifier': 'z1_moveit'}
[2.279861] (z1_moveit) JobProgress: {'identifier': 'z1_moveit', 'progress': 'cmake'}
[2.281049] (z1_moveit) Command: {'cmd': ['/usr/bin/cmake', '/home/wangkun/z1_ros2_ws/src/z1_ros2/z1_moveit', '-DCMAKE_BUILD_TYPE=Release', '-DCMAKE_INSTALL_PREFIX=/home/wangkun/z1_ros2_ws/install/z1_moveit'], 'cwd': '/home/wangkun/z1_ros2_ws/build/z1_moveit', 'env': OrderedDict([('LESSOPEN', '| /usr/bin/lesspipe %s'), ('LANGUAGE', 'zh_CN:en_US:en'), ('USER', 'wangkun'), ('LC_TIME', 'zh_CN.UTF-8'), ('XDG_SESSION_TYPE', 'x11'), ('SHLVL', '1'), ('LD_LIBRARY_PATH', '/opt/ros/humble/opt/rviz_ogre_vendor/lib:/opt/ros/humble/lib/x86_64-linux-gnu:/opt/ros/humble/lib'), ('HOME', '/home/wangkun'), ('OLDPWD', '/home/wangkun/z1_ros2_ws/src'), ('DESKTOP_SESSION', 'ubuntu'), ('NVM_BIN', '/home/wangkun/.nvm/versions/node/v22.23.2/bin'), ('NVM_INC', '/home/wangkun/.nvm/versions/node/v22.23.2/include/node'), ('ROS_PYTHON_VERSION', '3'), ('GNOME_SHELL_SESSION_MODE', 'ubuntu'), ('GTK_MODULES', 'gail:atk-bridge'), ('LC_MONETARY', 'zh_CN.UTF-8'), ('MANAGERPID', '1116'), ('SYSTEMD_EXEC_PID', '1639'), ('DBUS_SESSION_BUS_ADDRESS', 'unix:path=/run/user/1000/bus'), ('COLORTERM', 'truecolor'), ('GIO_LAUNCHED_DESKTOP_FILE_PID', '2990'), ('NVM_DIR', '/home/wangkun/.nvm'), ('IM_CONFIG_PHASE', '1'), ('ROS_DISTRO', 'humble'), ('GTK_IM_MODULE', 'fcitx'), ('LOGNAME', 'wangkun'), ('JOURNAL_STREAM', '8:22053'), ('_', '/usr/bin/colcon'), ('ROS_VERSION', '2'), ('XDG_SESSION_CLASS', 'user'), ('USERNAME', 'wangkun'), ('TERM', 'xterm-256color'), ('GNOME_DESKTOP_SESSION_ID', 'this-is-deprecated'), ('ROS_LOCALHOST_ONLY', '0'), ('WINDOWPATH', '2'), ('PATH', '/home/wangkun/.nvm/versions/node/v22.23.2/bin:/opt/ros/humble/bin:/usr/local/sbin:/usr/local/bin:/usr/sbin:/usr/bin:/sbin:/bin:/usr/games:/usr/local/games:/snap/bin:/snap/bin'), ('SESSION_MANAGER', 'local/wangkun-virtual-machine:@/tmp/.ICE-unix/1397,unix/wangkun-virtual-machine:/tmp/.ICE-unix/1397'), ('INVOCATION_ID', '5fcec56be8f64feb8e4f999f251ebfb8'), ('PAPERSIZE', 'a4'), ('XDG_MENU_PREFIX', 'gnome-'), ('LC_ADDRESS', 'zh_CN.UTF-8'), ('XDG_RUNTIME_DIR', '/run/user/1000'), ('DISPLAY', ':0'), ('LANG', 'zh_CN.UTF-8'), ('XDG_CURRENT_DESKTOP', 'ubuntu:GNOME'), ('LC_TELEPHONE', 'zh_CN.UTF-8'), ('TILIX_ID', 'd4e4dedd-2900-4e6a-b355-84d5a569ff96'), ('XMODIFIERS', '@im=fcitx'), ('XDG_SESSION_DESKTOP', 'ubuntu'), ('XAUTHORITY', '/run/user/1000/gdm/Xauthority'), ('LS_COLORS', 'rs=0:di=01;34:ln=01;36:mh=00:pi=40;33:so=01;35:do=01;35:bd=40;33;01:cd=40;33;01:or=40;31;01:mi=00:su=37;41:sg=30;43:ca=30;41:tw=30;42:ow=34;42:st=37;44:ex=01;32:*.tar=01;31:*.tgz=01;31:*.arc=01;31:*.arj=01;31:*.taz=01;31:*.lha=01;31:*.lz4=01;31:*.lzh=01;31:*.lzma=01;31:*.tlz=01;31:*.txz=01;31:*.tzo=01;31:*.t7z=01;31:*.zip=01;31:*.z=01;31:*.dz=01;31:*.gz=01;31:*.lrz=01;31:*.lz=01;31:*.lzo=01;31:*.xz=01;31:*.zst=01;31:*.tzst=01;31:*.bz2=01;31:*.bz=01;31:*.tbz=01;31:*.tbz2=01;31:*.tz=01;31:*.deb=01;31:*.rpm=01;31:*.jar=01;31:*.war=01;31:*.ear=01;31:*.sar=01;31:*.rar=01;31:*.alz=01;31:*.ace=01;31:*.zoo=01;31:*.cpio=01;31:*.7z=01;31:*.rz=01;31:*.cab=01;31:*.wim=01;31:*.swm=01;31:*.dwm=01;31:*.esd=01;31:*.jpg=01;35:*.jpeg=01;35:*.mjpg=01;35:*.mjpeg=01;35:*.gif=01;35:*.bmp=01;35:*.pbm=01;35:*.pgm=01;35:*.ppm=01;35:*.tga=01;35:*.xbm=01;35:*.xpm=01;35:*.tif=01;35:*.tiff=01;35:*.png=01;35:*.svg=01;35:*.svgz=01;35:*.mng=01;35:*.pcx=01;35:*.mov=01;35:*.mpg=01;35:*.mpeg=01;35:*.m2v=01;35:*.mkv=01;35:*.webm=01;35:*.webp=01;35:*.ogm=01;35:*.mp4=01;35:*.m4v=01;35:*.mp4v=01;35:*.vob=01;35:*.qt=01;35:*.nuv=01;35:*.wmv=01;35:*.asf=01;35:*.rm=01;35:*.rmvb=01;35:*.flc=01;35:*.avi=01;35:*.fli=01;35:*.flv=01;35:*.gl=01;35:*.dl=01;35:*.xcf=01;35:*.xwd=01;35:*.yuv=01;35:*.cgm=01;35:*.emf=01;35:*.ogv=01;35:*.ogx=01;35:*.aac=00;36:*.au=00;36:*.flac=00;36:*.m4a=00;36:*.mid=00;36:*.midi=00;36:*.mka=00;36:*.mp3=00;36:*.mpc=00;36:*.ogg=00;36:*.ra=00;36:*.wav=00;36:*.oga=00;36:*.opus=00;36:*.spx=00;36:*.xspf=00;36:'), ('SSH_AGENT_LAUNCHER', 'gnome-keyring'), ('SSH_AUTH_SOCK', '/run/user/1000/keyring/ssh'), ('AMENT_PREFIX_PATH', '/home/wangkun/z1_ros2_ws/install/z1_description:/opt/ros/humble'), ('SHELL', '/bin/bash'), ('LC_NAME', 'zh_CN.UTF-8'), ('QT_ACCESSIBILITY', '1'), ('GDMSESSION', 'ubuntu'), ('LESSCLOSE', '/usr/bin/lesspipe %s %s'), ('LC_MEASUREMENT', 'zh_CN.UTF-8'), ('GPG_AGENT_INFO', '/run/user/1000/gnupg/S.gpg-agent:0:1'), ('LC_IDENTIFICATION', 'zh_CN.UTF-8'), ('QT_IM_MODULE', 'fcitx'), ('PWD', '/home/wangkun/z1_ros2_ws/build/z1_moveit'), ('LC_ALL', 'en_US.UTF-8'), ('XDG_CONFIG_DIRS', '/etc/xdg/xdg-ubuntu:/etc/xdg'), ('CLUTTER_IM_MODULE', 'fcitx'), ('NVM_CD_FLAGS', ''), ('XDG_DATA_DIRS', '/usr/share/ubuntu:/usr/share/gnome:/usr/local/share/:/usr/share/:/var/lib/snapd/desktop'), ('PYTHONPATH', '/opt/ros/humble/lib/python3.10/site-packages:/opt/ros/humble/local/lib/python3.10/dist-packages'), ('LC_NUMERIC', 'zh_CN.UTF-8'), ('LC_PAPER', 'zh_CN.UTF-8'), ('COLCON', '1'), ('VTE_VERSION', '6800'), ('CMAKE_PREFIX_PATH', '/home/wangkun/z1_ros2_ws/install/z1_description:/opt/ros/humble')]), 'shell': False}
[2.320177] (-) TimerEvent: {}
[2.423560] (-) TimerEvent: {}
[2.425789] (z1_moveit) StdoutLine: {'line': b'-- The C compiler identification is GNU 11.4.0\n'}
[2.524316] (-) TimerEvent: {}
[2.541416] (z1_moveit) StdoutLine: {'line': b'-- The CXX compiler identification is GNU 11.4.0\n'}
[2.558390] (z1_moveit) StdoutLine: {'line': b'-- Detecting C compiler ABI info\n'}
[2.625261] (-) TimerEvent: {}
[2.695827] (z1_hardware_interface) StdoutLine: {'line': b'-- Found rmw_implementation_cmake: 6.1.4 (/opt/ros/humble/share/rmw_implementation_cmake/cmake)\n'}
[2.709967] (z1_hardware_interface) StdoutLine: {'line': b'-- Found rmw_fastrtps_cpp: 6.2.10 (/opt/ros/humble/share/rmw_fastrtps_cpp/cmake)\n'}
[2.725893] (-) TimerEvent: {}
[2.740360] (z1_moveit) StdoutLine: {'line': b'-- Detecting C compiler ABI info - done\n'}
[2.757158] (z1_moveit) StdoutLine: {'line': b'-- Check for working C compiler: /usr/bin/cc - skipped\n'}
[2.757405] (z1_moveit) StdoutLine: {'line': b'-- Detecting C compile features\n'}
[2.757489] (z1_moveit) StdoutLine: {'line': b'-- Detecting C compile features - done\n'}
[2.760398] (z1_moveit) StdoutLine: {'line': b'-- Detecting CXX compiler ABI info\n'}
[2.821482] (z1_hardware_interface) StdoutLine: {'line': b'-- Found TinyXML2 via Config file: TinyXML2_DIR-NOTFOUND\n'}
[2.827428] (-) TimerEvent: {}
[2.929157] (-) TimerEvent: {}
[2.938020] (z1_moveit) StdoutLine: {'line': b'-- Detecting CXX compiler ABI info - done\n'}
[2.947726] (z1_moveit) StdoutLine: {'line': b'-- Check for working CXX compiler: /usr/bin/c++ - skipped\n'}
[2.949311] (z1_moveit) StdoutLine: {'line': b'-- Detecting CXX compile features\n'}
[2.949443] (z1_moveit) StdoutLine: {'line': b'-- Detecting CXX compile features - done\n'}
[2.954447] (z1_moveit) StdoutLine: {'line': b'-- Found ament_cmake: 1.3.14 (/opt/ros/humble/share/ament_cmake/cmake)\n'}
[2.986771] (z1_hardware_interface) StdoutLine: {'line': b'-- Found OpenSSL: /usr/lib/x86_64-linux-gnu/libcrypto.so (found version "3.0.2")  \n'}
[2.994853] (z1_hardware_interface) StdoutLine: {'line': b'-- Found TinyXML2 via Config file: TinyXML2_DIR-NOTFOUND\n'}
[3.025316] (z1_hardware_interface) StdoutLine: {'line': b'-- Found FastRTPS: /opt/ros/humble/include  \n'}
[3.029621] (-) TimerEvent: {}
[3.033041] (z1_hardware_interface) StdoutLine: {'line': b'-- Found TinyXML2 via Config file: TinyXML2_DIR-NOTFOUND\n'}
[3.051657] (z1_hardware_interface) StdoutLine: {'line': b'-- Found TinyXML2 via Config file: TinyXML2_DIR-NOTFOUND\n'}
[3.079355] (z1_hardware_interface) StdoutLine: {'line': b"-- Using RMW implementation 'rmw_fastrtps_cpp' as default\n"}
[3.108872] (z1_hardware_interface) StdoutLine: {'line': b'-- Looking for pthread.h\n'}
[3.130402] (-) TimerEvent: {}
[3.232253] (-) TimerEvent: {}
[3.240738] (z1_moveit) StdoutLine: {'line': b'-- Found Python3: /usr/bin/python3 (found version "3.10.12") found components: Interpreter \n'}
[3.324758] (z1_hardware_interface) StdoutLine: {'line': b'-- Looking for pthread.h - found\n'}
[3.325562] (z1_hardware_interface) StdoutLine: {'line': b'-- Performing Test CMAKE_HAVE_LIBC_PTHREAD\n'}
[3.332676] (-) TimerEvent: {}
[3.434280] (-) TimerEvent: {}
[3.503447] (z1_hardware_interface) StdoutLine: {'line': b'-- Performing Test CMAKE_HAVE_LIBC_PTHREAD - Success\n'}
[3.506781] (z1_hardware_interface) StdoutLine: {'line': b'-- Found Threads: TRUE  \n'}
[3.523428] (z1_moveit) StdoutLine: {'line': b'-- Configuring done\n'}
[3.529615] (z1_moveit) StdoutLine: {'line': b'-- Generating done\n'}
[3.532592] (z1_moveit) StdoutLine: {'line': b'-- Build files have been written to: /home/wangkun/z1_ros2_ws/build/z1_moveit\n'}
[3.536970] (-) TimerEvent: {}
[3.542705] (z1_moveit) CommandEnded: {'returncode': 0}
[3.543389] (z1_moveit) JobProgress: {'identifier': 'z1_moveit', 'progress': 'build'}
[3.549209] (z1_moveit) Command: {'cmd': ['/usr/bin/cmake', '--build', '/home/wangkun/z1_ros2_ws/build/z1_moveit', '--', '-j2', '-l2'], 'cwd': '/home/wangkun/z1_ros2_ws/build/z1_moveit', 'env': OrderedDict([('LESSOPEN', '| /usr/bin/lesspipe %s'), ('LANGUAGE', 'zh_CN:en_US:en'), ('USER', 'wangkun'), ('LC_TIME', 'zh_CN.UTF-8'), ('XDG_SESSION_TYPE', 'x11'), ('SHLVL', '1'), ('LD_LIBRARY_PATH', '/opt/ros/humble/opt/rviz_ogre_vendor/lib:/opt/ros/humble/lib/x86_64-linux-gnu:/opt/ros/humble/lib'), ('HOME', '/home/wangkun'), ('OLDPWD', '/home/wangkun/z1_ros2_ws/src'), ('DESKTOP_SESSION', 'ubuntu'), ('NVM_BIN', '/home/wangkun/.nvm/versions/node/v22.23.2/bin'), ('NVM_INC', '/home/wangkun/.nvm/versions/node/v22.23.2/include/node'), ('ROS_PYTHON_VERSION', '3'), ('GNOME_SHELL_SESSION_MODE', 'ubuntu'), ('GTK_MODULES', 'gail:atk-bridge'), ('LC_MONETARY', 'zh_CN.UTF-8'), ('MANAGERPID', '1116'), ('SYSTEMD_EXEC_PID', '1639'), ('DBUS_SESSION_BUS_ADDRESS', 'unix:path=/run/user/1000/bus'), ('COLORTERM', 'truecolor'), ('GIO_LAUNCHED_DESKTOP_FILE_PID', '2990'), ('NVM_DIR', '/home/wangkun/.nvm'), ('IM_CONFIG_PHASE', '1'), ('ROS_DISTRO', 'humble'), ('GTK_IM_MODULE', 'fcitx'), ('LOGNAME', 'wangkun'), ('JOURNAL_STREAM', '8:22053'), ('_', '/usr/bin/colcon'), ('ROS_VERSION', '2'), ('XDG_SESSION_CLASS', 'user'), ('USERNAME', 'wangkun'), ('TERM', 'xterm-256color'), ('GNOME_DESKTOP_SESSION_ID', 'this-is-deprecated'), ('ROS_LOCALHOST_ONLY', '0'), ('WINDOWPATH', '2'), ('PATH', '/home/wangkun/.nvm/versions/node/v22.23.2/bin:/opt/ros/humble/bin:/usr/local/sbin:/usr/local/bin:/usr/sbin:/usr/bin:/sbin:/bin:/usr/games:/usr/local/games:/snap/bin:/snap/bin'), ('SESSION_MANAGER', 'local/wangkun-virtual-machine:@/tmp/.ICE-unix/1397,unix/wangkun-virtual-machine:/tmp/.ICE-unix/1397'), ('INVOCATION_ID', '5fcec56be8f64feb8e4f999f251ebfb8'), ('PAPERSIZE', 'a4'), ('XDG_MENU_PREFIX', 'gnome-'), ('LC_ADDRESS', 'zh_CN.UTF-8'), ('XDG_RUNTIME_DIR', '/run/user/1000'), ('DISPLAY', ':0'), ('LANG', 'zh_CN.UTF-8'), ('XDG_CURRENT_DESKTOP', 'ubuntu:GNOME'), ('LC_TELEPHONE', 'zh_CN.UTF-8'), ('TILIX_ID', 'd4e4dedd-2900-4e6a-b355-84d5a569ff96'), ('XMODIFIERS', '@im=fcitx'), ('XDG_SESSION_DESKTOP', 'ubuntu'), ('XAUTHORITY', '/run/user/1000/gdm/Xauthority'), ('LS_COLORS', 'rs=0:di=01;34:ln=01;36:mh=00:pi=40;33:so=01;35:do=01;35:bd=40;33;01:cd=40;33;01:or=40;31;01:mi=00:su=37;41:sg=30;43:ca=30;41:tw=30;42:ow=34;42:st=37;44:ex=01;32:*.tar=01;31:*.tgz=01;31:*.arc=01;31:*.arj=01;31:*.taz=01;31:*.lha=01;31:*.lz4=01;31:*.lzh=01;31:*.lzma=01;31:*.tlz=01;31:*.txz=01;31:*.tzo=01;31:*.t7z=01;31:*.zip=01;31:*.z=01;31:*.dz=01;31:*.gz=01;31:*.lrz=01;31:*.lz=01;31:*.lzo=01;31:*.xz=01;31:*.zst=01;31:*.tzst=01;31:*.bz2=01;31:*.bz=01;31:*.tbz=01;31:*.tbz2=01;31:*.tz=01;31:*.deb=01;31:*.rpm=01;31:*.jar=01;31:*.war=01;31:*.ear=01;31:*.sar=01;31:*.rar=01;31:*.alz=01;31:*.ace=01;31:*.zoo=01;31:*.cpio=01;31:*.7z=01;31:*.rz=01;31:*.cab=01;31:*.wim=01;31:*.swm=01;31:*.dwm=01;31:*.esd=01;31:*.jpg=01;35:*.jpeg=01;35:*.mjpg=01;35:*.mjpeg=01;35:*.gif=01;35:*.bmp=01;35:*.pbm=01;35:*.pgm=01;35:*.ppm=01;35:*.tga=01;35:*.xbm=01;35:*.xpm=01;35:*.tif=01;35:*.tiff=01;35:*.png=01;35:*.svg=01;35:*.svgz=01;35:*.mng=01;35:*.pcx=01;35:*.mov=01;35:*.mpg=01;35:*.mpeg=01;35:*.m2v=01;35:*.mkv=01;35:*.webm=01;35:*.webp=01;35:*.ogm=01;35:*.mp4=01;35:*.m4v=01;35:*.mp4v=01;35:*.vob=01;35:*.qt=01;35:*.nuv=01;35:*.wmv=01;35:*.asf=01;35:*.rm=01;35:*.rmvb=01;35:*.flc=01;35:*.avi=01;35:*.fli=01;35:*.flv=01;35:*.gl=01;35:*.dl=01;35:*.xcf=01;35:*.xwd=01;35:*.yuv=01;35:*.cgm=01;35:*.emf=01;35:*.ogv=01;35:*.ogx=01;35:*.aac=00;36:*.au=00;36:*.flac=00;36:*.m4a=00;36:*.mid=00;36:*.midi=00;36:*.mka=00;36:*.mp3=00;36:*.mpc=00;36:*.ogg=00;36:*.ra=00;36:*.wav=00;36:*.oga=00;36:*.opus=00;36:*.spx=00;36:*.xspf=00;36:'), ('SSH_AGENT_LAUNCHER', 'gnome-keyring'), ('SSH_AUTH_SOCK', '/run/user/1000/keyring/ssh'), ('AMENT_PREFIX_PATH', '/home/wangkun/z1_ros2_ws/install/z1_description:/opt/ros/humble'), ('SHELL', '/bin/bash'), ('LC_NAME', 'zh_CN.UTF-8'), ('QT_ACCESSIBILITY', '1'), ('GDMSESSION', 'ubuntu'), ('LESSCLOSE', '/usr/bin/lesspipe %s %s'), ('LC_MEASUREMENT', 'zh_CN.UTF-8'), ('GPG_AGENT_INFO', '/run/user/1000/gnupg/S.gpg-agent:0:1'), ('LC_IDENTIFICATION', 'zh_CN.UTF-8'), ('QT_IM_MODULE', 'fcitx'), ('PWD', '/home/wangkun/z1_ros2_ws/build/z1_moveit'), ('LC_ALL', 'en_US.UTF-8'), ('XDG_CONFIG_DIRS', '/etc/xdg/xdg-ubuntu:/etc/xdg'), ('CLUTTER_IM_MODULE', 'fcitx'), ('NVM_CD_FLAGS', ''), ('XDG_DATA_DIRS', '/usr/share/ubuntu:/usr/share/gnome:/usr/local/share/:/usr/share/:/var/lib/snapd/desktop'), ('PYTHONPATH', '/opt/ros/humble/lib/python3.10/site-packages:/opt/ros/humble/local/lib/python3.10/dist-packages'), ('LC_NUMERIC', 'zh_CN.UTF-8'), ('LC_PAPER', 'zh_CN.UTF-8'), ('COLCON', '1'), ('VTE_VERSION', '6800'), ('CMAKE_PREFIX_PATH', '/home/wangkun/z1_ros2_ws/install/z1_description:/opt/ros/humble')]), 'shell': False}
[3.639936] (-) TimerEvent: {}
[3.641412] (z1_moveit) CommandEnded: {'returncode': 0}
[3.646601] (z1_moveit) JobProgress: {'identifier': 'z1_moveit', 'progress': 'install'}
[3.646682] (z1_moveit) Command: {'cmd': ['/usr/bin/cmake', '--install', '/home/wangkun/z1_ros2_ws/build/z1_moveit'], 'cwd': '/home/wangkun/z1_ros2_ws/build/z1_moveit', 'env': OrderedDict([('LESSOPEN', '| /usr/bin/lesspipe %s'), ('LANGUAGE', 'zh_CN:en_US:en'), ('USER', 'wangkun'), ('LC_TIME', 'zh_CN.UTF-8'), ('XDG_SESSION_TYPE', 'x11'), ('SHLVL', '1'), ('LD_LIBRARY_PATH', '/opt/ros/humble/opt/rviz_ogre_vendor/lib:/opt/ros/humble/lib/x86_64-linux-gnu:/opt/ros/humble/lib'), ('HOME', '/home/wangkun'), ('OLDPWD', '/home/wangkun/z1_ros2_ws/src'), ('DESKTOP_SESSION', 'ubuntu'), ('NVM_BIN', '/home/wangkun/.nvm/versions/node/v22.23.2/bin'), ('NVM_INC', '/home/wangkun/.nvm/versions/node/v22.23.2/include/node'), ('ROS_PYTHON_VERSION', '3'), ('GNOME_SHELL_SESSION_MODE', 'ubuntu'), ('GTK_MODULES', 'gail:atk-bridge'), ('LC_MONETARY', 'zh_CN.UTF-8'), ('MANAGERPID', '1116'), ('SYSTEMD_EXEC_PID', '1639'), ('DBUS_SESSION_BUS_ADDRESS', 'unix:path=/run/user/1000/bus'), ('COLORTERM', 'truecolor'), ('GIO_LAUNCHED_DESKTOP_FILE_PID', '2990'), ('NVM_DIR', '/home/wangkun/.nvm'), ('IM_CONFIG_PHASE', '1'), ('ROS_DISTRO', 'humble'), ('GTK_IM_MODULE', 'fcitx'), ('LOGNAME', 'wangkun'), ('JOURNAL_STREAM', '8:22053'), ('_', '/usr/bin/colcon'), ('ROS_VERSION', '2'), ('XDG_SESSION_CLASS', 'user'), ('USERNAME', 'wangkun'), ('TERM', 'xterm-256color'), ('GNOME_DESKTOP_SESSION_ID', 'this-is-deprecated'), ('ROS_LOCALHOST_ONLY', '0'), ('WINDOWPATH', '2'), ('PATH', '/home/wangkun/.nvm/versions/node/v22.23.2/bin:/opt/ros/humble/bin:/usr/local/sbin:/usr/local/bin:/usr/sbin:/usr/bin:/sbin:/bin:/usr/games:/usr/local/games:/snap/bin:/snap/bin'), ('SESSION_MANAGER', 'local/wangkun-virtual-machine:@/tmp/.ICE-unix/1397,unix/wangkun-virtual-machine:/tmp/.ICE-unix/1397'), ('INVOCATION_ID', '5fcec56be8f64feb8e4f999f251ebfb8'), ('PAPERSIZE', 'a4'), ('XDG_MENU_PREFIX', 'gnome-'), ('LC_ADDRESS', 'zh_CN.UTF-8'), ('XDG_RUNTIME_DIR', '/run/user/1000'), ('DISPLAY', ':0'), ('LANG', 'zh_CN.UTF-8'), ('XDG_CURRENT_DESKTOP', 'ubuntu:GNOME'), ('LC_TELEPHONE', 'zh_CN.UTF-8'), ('TILIX_ID', 'd4e4dedd-2900-4e6a-b355-84d5a569ff96'), ('XMODIFIERS', '@im=fcitx'), ('XDG_SESSION_DESKTOP', 'ubuntu'), ('XAUTHORITY', '/run/user/1000/gdm/Xauthority'), ('LS_COLORS', 'rs=0:di=01;34:ln=01;36:mh=00:pi=40;33:so=01;35:do=01;35:bd=40;33;01:cd=40;33;01:or=40;31;01:mi=00:su=37;41:sg=30;43:ca=30;41:tw=30;42:ow=34;42:st=37;44:ex=01;32:*.tar=01;31:*.tgz=01;31:*.arc=01;31:*.arj=01;31:*.taz=01;31:*.lha=01;31:*.lz4=01;31:*.lzh=01;31:*.lzma=01;31:*.tlz=01;31:*.txz=01;31:*.tzo=01;31:*.t7z=01;31:*.zip=01;31:*.z=01;31:*.dz=01;31:*.gz=01;31:*.lrz=01;31:*.lz=01;31:*.lzo=01;31:*.xz=01;31:*.zst=01;31:*.tzst=01;31:*.bz2=01;31:*.bz=01;31:*.tbz=01;31:*.tbz2=01;31:*.tz=01;31:*.deb=01;31:*.rpm=01;31:*.jar=01;31:*.war=01;31:*.ear=01;31:*.sar=01;31:*.rar=01;31:*.alz=01;31:*.ace=01;31:*.zoo=01;31:*.cpio=01;31:*.7z=01;31:*.rz=01;31:*.cab=01;31:*.wim=01;31:*.swm=01;31:*.dwm=01;31:*.esd=01;31:*.jpg=01;35:*.jpeg=01;35:*.mjpg=01;35:*.mjpeg=01;35:*.gif=01;35:*.bmp=01;35:*.pbm=01;35:*.pgm=01;35:*.ppm=01;35:*.tga=01;35:*.xbm=01;35:*.xpm=01;35:*.tif=01;35:*.tiff=01;35:*.png=01;35:*.svg=01;35:*.svgz=01;35:*.mng=01;35:*.pcx=01;35:*.mov=01;35:*.mpg=01;35:*.mpeg=01;35:*.m2v=01;35:*.mkv=01;35:*.webm=01;35:*.webp=01;35:*.ogm=01;35:*.mp4=01;35:*.m4v=01;35:*.mp4v=01;35:*.vob=01;35:*.qt=01;35:*.nuv=01;35:*.wmv=01;35:*.asf=01;35:*.rm=01;35:*.rmvb=01;35:*.flc=01;35:*.avi=01;35:*.fli=01;35:*.flv=01;35:*.gl=01;35:*.dl=01;35:*.xcf=01;35:*.xwd=01;35:*.yuv=01;35:*.cgm=01;35:*.emf=01;35:*.ogv=01;35:*.ogx=01;35:*.aac=00;36:*.au=00;36:*.flac=00;36:*.m4a=00;36:*.mid=00;36:*.midi=00;36:*.mka=00;36:*.mp3=00;36:*.mpc=00;36:*.ogg=00;36:*.ra=00;36:*.wav=00;36:*.oga=00;36:*.opus=00;36:*.spx=00;36:*.xspf=00;36:'), ('SSH_AGENT_LAUNCHER', 'gnome-keyring'), ('SSH_AUTH_SOCK', '/run/user/1000/keyring/ssh'), ('AMENT_PREFIX_PATH', '/home/wangkun/z1_ros2_ws/install/z1_description:/opt/ros/humble'), ('SHELL', '/bin/bash'), ('LC_NAME', 'zh_CN.UTF-8'), ('QT_ACCESSIBILITY', '1'), ('GDMSESSION', 'ubuntu'), ('LESSCLOSE', '/usr/bin/lesspipe %s %s'), ('LC_MEASUREMENT', 'zh_CN.UTF-8'), ('GPG_AGENT_INFO', '/run/user/1000/gnupg/S.gpg-agent:0:1'), ('LC_IDENTIFICATION', 'zh_CN.UTF-8'), ('QT_IM_MODULE', 'fcitx'), ('PWD', '/home/wangkun/z1_ros2_ws/build/z1_moveit'), ('LC_ALL', 'en_US.UTF-8'), ('XDG_CONFIG_DIRS', '/etc/xdg/xdg-ubuntu:/etc/xdg'), ('CLUTTER_IM_MODULE', 'fcitx'), ('NVM_CD_FLAGS', ''), ('XDG_DATA_DIRS', '/usr/share/ubuntu:/usr/share/gnome:/usr/local/share/:/usr/share/:/var/lib/snapd/desktop'), ('PYTHONPATH', '/opt/ros/humble/lib/python3.10/site-packages:/opt/ros/humble/local/lib/python3.10/dist-packages'), ('LC_NUMERIC', 'zh_CN.UTF-8'), ('LC_PAPER', 'zh_CN.UTF-8'), ('COLCON', '1'), ('VTE_VERSION', '6800'), ('CMAKE_PREFIX_PATH', '/home/wangkun/z1_ros2_ws/install/z1_description:/opt/ros/humble')]), 'shell': False}
[3.661110] (z1_moveit) StdoutLine: {'line': b'-- Install configuration: "Release"\n'}
[3.661362] (z1_moveit) StdoutLine: {'line': b'-- Installing: /home/wangkun/z1_ros2_ws/install/z1_moveit/share/ament_index/resource_index/package_run_dependencies/z1_moveit\n'}
[3.661920] (z1_moveit) StdoutLine: {'line': b'-- Installing: /home/wangkun/z1_ros2_ws/install/z1_moveit/share/ament_index/resource_index/parent_prefix_path/z1_moveit\n'}
[3.662049] (z1_moveit) StdoutLine: {'line': b'-- Installing: /home/wangkun/z1_ros2_ws/install/z1_moveit/share/z1_moveit/environment/ament_prefix_path.sh\n'}
[3.663325] (z1_moveit) StdoutLine: {'line': b'-- Installing: /home/wangkun/z1_ros2_ws/install/z1_moveit/share/z1_moveit/environment/ament_prefix_path.dsv\n'}
[3.663442] (z1_moveit) StdoutLine: {'line': b'-- Installing: /home/wangkun/z1_ros2_ws/install/z1_moveit/share/z1_moveit/environment/path.sh\n'}
[3.664092] (z1_moveit) StdoutLine: {'line': b'-- Installing: /home/wangkun/z1_ros2_ws/install/z1_moveit/share/z1_moveit/environment/path.dsv\n'}
[3.664537] (z1_moveit) StdoutLine: {'line': b'-- Installing: /home/wangkun/z1_ros2_ws/install/z1_moveit/share/z1_moveit/local_setup.bash\n'}
[3.664620] (z1_moveit) StdoutLine: {'line': b'-- Installing: /home/wangkun/z1_ros2_ws/install/z1_moveit/share/z1_moveit/local_setup.sh\n'}
[3.664687] (z1_moveit) StdoutLine: {'line': b'-- Installing: /home/wangkun/z1_ros2_ws/install/z1_moveit/share/z1_moveit/local_setup.zsh\n'}
[3.664747] (z1_moveit) StdoutLine: {'line': b'-- Installing: /home/wangkun/z1_ros2_ws/install/z1_moveit/share/z1_moveit/local_setup.dsv\n'}
[3.664860] (z1_moveit) StdoutLine: {'line': b'-- Installing: /home/wangkun/z1_ros2_ws/install/z1_moveit/share/z1_moveit/package.dsv\n'}
[3.664933] (z1_moveit) StdoutLine: {'line': b'-- Installing: /home/wangkun/z1_ros2_ws/install/z1_moveit/share/ament_index/resource_index/packages/z1_moveit\n'}
[3.665860] (z1_moveit) StdoutLine: {'line': b'-- Installing: /home/wangkun/z1_ros2_ws/install/z1_moveit/share/z1_moveit/cmake/z1_moveitConfig.cmake\n'}
[3.668657] (z1_moveit) StdoutLine: {'line': b'-- Installing: /home/wangkun/z1_ros2_ws/install/z1_moveit/share/z1_moveit/cmake/z1_moveitConfig-version.cmake\n'}
[3.668764] (z1_moveit) StdoutLine: {'line': b'-- Installing: /home/wangkun/z1_ros2_ws/install/z1_moveit/share/z1_moveit/package.xml\n'}
[3.668835] (z1_moveit) StdoutLine: {'line': b'-- Installing: /home/wangkun/z1_ros2_ws/install/z1_moveit/share/z1_moveit/launch\n'}
[3.668896] (z1_moveit) StdoutLine: {'line': b'-- Installing: /home/wangkun/z1_ros2_ws/install/z1_moveit/share/z1_moveit/launch/moveit_rviz.launch.py\n'}
[3.668957] (z1_moveit) StdoutLine: {'line': b'-- Installing: /home/wangkun/z1_ros2_ws/install/z1_moveit/share/z1_moveit/launch/z1_moveit.launch.py\n'}
[3.669716] (z1_moveit) StdoutLine: {'line': b'-- Installing: /home/wangkun/z1_ros2_ws/install/z1_moveit/share/z1_moveit/launch/setup_assistant.launch.py\n'}
[3.670436] (z1_moveit) StdoutLine: {'line': b'-- Installing: /home/wangkun/z1_ros2_ws/install/z1_moveit/share/z1_moveit/launch/move_group.launch.py\n'}
[3.671424] (z1_moveit) StdoutLine: {'line': b'-- Installing: /home/wangkun/z1_ros2_ws/install/z1_moveit/share/z1_moveit/config\n'}
[3.672142] (z1_moveit) StdoutLine: {'line': b'-- Installing: /home/wangkun/z1_ros2_ws/install/z1_moveit/share/z1_moveit/config/moveit_controllers.yaml\n'}
[3.672436] (z1_moveit) StdoutLine: {'line': b'-- Installing: /home/wangkun/z1_ros2_ws/install/z1_moveit/share/z1_moveit/config/pilz_cartesian_limits.yaml\n'}
[3.674008] (z1_moveit) StdoutLine: {'line': b'-- Installing: /home/wangkun/z1_ros2_ws/install/z1_moveit/share/z1_moveit/config/z1_description.srdf\n'}
[3.676197] (z1_moveit) StdoutLine: {'line': b'-- Installing: /home/wangkun/z1_ros2_ws/install/z1_moveit/share/z1_moveit/config/kinematics.yaml\n'}
[3.678254] (z1_moveit) StdoutLine: {'line': b'-- Installing: /home/wangkun/z1_ros2_ws/install/z1_moveit/share/z1_moveit/config/joint_limits.yaml\n'}
[3.678440] (z1_moveit) StdoutLine: {'line': b'-- Installing: /home/wangkun/z1_ros2_ws/install/z1_moveit/share/z1_moveit/config/moveit.rviz\n'}
[3.680399] (z1_moveit) StdoutLine: {'line': b'-- Installing: /home/wangkun/z1_ros2_ws/install/z1_moveit/share/z1_moveit/.setup_assistant\n'}
[3.687595] (z1_moveit) CommandEnded: {'returncode': 0}
[3.713446] (z1_moveit) JobEnded: {'identifier': 'z1_moveit', 'rc': 0}
[3.742497] (-) TimerEvent: {}
[3.844362] (-) TimerEvent: {}
[3.945076] (-) TimerEvent: {}
[4.045926] (-) TimerEvent: {}
[4.146797] (-) TimerEvent: {}
[4.247656] (-) TimerEvent: {}
[4.348735] (-) TimerEvent: {}
[4.449675] (-) TimerEvent: {}
[4.551178] (-) TimerEvent: {}
[4.651788] (-) TimerEvent: {}
[4.752402] (-) TimerEvent: {}
[4.853129] (-) TimerEvent: {}
[4.953732] (-) TimerEvent: {}
[5.054267] (-) TimerEvent: {}
[5.154839] (-) TimerEvent: {}
[5.255593] (-) TimerEvent: {}
[5.356464] (-) TimerEvent: {}
[5.457121] (-) TimerEvent: {}
[5.558106] (-) TimerEvent: {}
[5.659226] (-) TimerEvent: {}
[5.759869] (-) TimerEvent: {}
[5.860676] (-) TimerEvent: {}
[5.961536] (-) TimerEvent: {}
[6.062129] (-) TimerEvent: {}
[6.162893] (-) TimerEvent: {}
[6.264395] (-) TimerEvent: {}
[6.365888] (-) TimerEvent: {}
[6.468024] (-) TimerEvent: {}
[6.569294] (-) TimerEvent: {}
[6.670345] (-) TimerEvent: {}
[6.771171] (-) TimerEvent: {}
[6.872165] (-) TimerEvent: {}
[6.973173] (-) TimerEvent: {}
[7.074530] (-) TimerEvent: {}
[7.175320] (-) TimerEvent: {}
[7.276154] (-) TimerEvent: {}
[7.377093] (-) TimerEvent: {}
[7.477696] (-) TimerEvent: {}
[7.579043] (-) TimerEvent: {}
[7.680082] (-) TimerEvent: {}
[7.780676] (-) TimerEvent: {}
[7.882465] (-) TimerEvent: {}
[7.983015] (-) TimerEvent: {}
[8.083981] (-) TimerEvent: {}
[8.184979] (-) TimerEvent: {}
[8.285983] (-) TimerEvent: {}
[8.386926] (-) TimerEvent: {}
[8.487708] (-) TimerEvent: {}
[8.588269] (-) TimerEvent: {}
[8.688854] (-) TimerEvent: {}
[8.789743] (-) TimerEvent: {}
[8.890559] (-) TimerEvent: {}
[8.991273] (-) TimerEvent: {}
[9.092118] (-) TimerEvent: {}
[9.193297] (-) TimerEvent: {}
[9.294183] (-) TimerEvent: {}
[9.394703] (-) TimerEvent: {}
[9.495622] (-) TimerEvent: {}
[9.596256] (-) TimerEvent: {}
[9.700007] (-) TimerEvent: {}
[9.801868] (-) TimerEvent: {}
[9.903135] (-) TimerEvent: {}
[10.004175] (-) TimerEvent: {}
[10.104925] (-) TimerEvent: {}
[10.205993] (-) TimerEvent: {}
[10.307160] (-) TimerEvent: {}
[10.407922] (-) TimerEvent: {}
[10.509627] (-) TimerEvent: {}
[10.610343] (-) TimerEvent: {}
[10.711492] (-) TimerEvent: {}
[10.813372] (-) TimerEvent: {}
[10.914687] (-) TimerEvent: {}
[11.016020] (-) TimerEvent: {}
[11.116837] (-) TimerEvent: {}
[11.218121] (-) TimerEvent: {}
[11.318555] (-) TimerEvent: {}
[11.420464] (-) TimerEvent: {}
[11.521873] (-) TimerEvent: {}
[11.622861] (-) TimerEvent: {}
[11.724015] (-) TimerEvent: {}
[11.826409] (-) TimerEvent: {}
[11.927155] (-) TimerEvent: {}
[12.029307] (-) TimerEvent: {}
[12.130782] (-) TimerEvent: {}
[12.232336] (-) TimerEvent: {}
[12.333597] (-) TimerEvent: {}
[12.435418] (-) TimerEvent: {}
[12.536677] (-) TimerEvent: {}
[12.637586] (-) TimerEvent: {}
[12.738280] (-) TimerEvent: {}
[12.839117] (-) TimerEvent: {}
[12.940247] (-) TimerEvent: {}
[13.041103] (-) TimerEvent: {}
[13.141951] (-) TimerEvent: {}
[13.242467] (-) TimerEvent: {}
[13.343253] (-) TimerEvent: {}
[13.443860] (-) TimerEvent: {}
[13.544594] (-) TimerEvent: {}
[13.645308] (-) TimerEvent: {}
[13.746130] (-) TimerEvent: {}
[13.847149] (-) TimerEvent: {}
[13.948040] (-) TimerEvent: {}
[14.048914] (-) TimerEvent: {}
[14.149955] (-) TimerEvent: {}
[14.250737] (-) TimerEvent: {}
[14.351484] (-) TimerEvent: {}
[14.452115] (-) TimerEvent: {}
[14.552651] (-) TimerEvent: {}
[14.653193] (-) TimerEvent: {}
[14.753669] (-) TimerEvent: {}
[14.855368] (-) TimerEvent: {}
[14.956318] (-) TimerEvent: {}
[15.057126] (-) TimerEvent: {}
[15.158121] (-) TimerEvent: {}
[15.259227] (-) TimerEvent: {}
[15.360419] (-) TimerEvent: {}
[15.461702] (-) TimerEvent: {}
[15.562716] (-) TimerEvent: {}
[15.663949] (-) TimerEvent: {}
[15.765028] (-) TimerEvent: {}
[15.865850] (-) TimerEvent: {}
[15.966611] (-) TimerEvent: {}
[16.067367] (-) TimerEvent: {}
[16.168449] (-) TimerEvent: {}
[16.269085] (-) TimerEvent: {}
[16.369528] (-) TimerEvent: {}
[16.470348] (-) TimerEvent: {}
[16.571093] (-) TimerEvent: {}
[16.671700] (-) TimerEvent: {}
[16.772169] (-) TimerEvent: {}
[16.872872] (-) TimerEvent: {}
[16.973869] (-) TimerEvent: {}
[17.074642] (-) TimerEvent: {}
[17.175520] (-) TimerEvent: {}
[17.276189] (-) TimerEvent: {}
[17.376879] (-) TimerEvent: {}
[17.477913] (-) TimerEvent: {}
[17.578687] (-) TimerEvent: {}
[17.680230] (-) TimerEvent: {}
[17.780922] (-) TimerEvent: {}
[17.881728] (-) TimerEvent: {}
[17.982788] (-) TimerEvent: {}
[18.083737] (-) TimerEvent: {}
[18.184733] (-) TimerEvent: {}
[18.285574] (-) TimerEvent: {}
[18.386160] (-) TimerEvent: {}
[18.486937] (-) TimerEvent: {}
[18.587632] (-) TimerEvent: {}
[18.688271] (-) TimerEvent: {}
[18.789037] (-) TimerEvent: {}
[18.889758] (-) TimerEvent: {}
[18.991250] (-) TimerEvent: {}
[19.092271] (-) TimerEvent: {}
[19.193002] (-) TimerEvent: {}
[19.293696] (-) TimerEvent: {}
[19.394874] (-) TimerEvent: {}
[19.495721] (-) TimerEvent: {}
[19.596281] (-) TimerEvent: {}
[19.697362] (-) TimerEvent: {}
[19.798242] (-) TimerEvent: {}
[19.899191] (-) TimerEvent: {}
[19.999876] (-) TimerEvent: {}
[20.101139] (-) TimerEvent: {}
[20.202346] (-) TimerEvent: {}
[20.303174] (-) TimerEvent: {}
[20.404090] (-) TimerEvent: {}
[20.505000] (-) TimerEvent: {}
[20.605912] (-) TimerEvent: {}
[20.706821] (-) TimerEvent: {}
[20.807768] (-) TimerEvent: {}
[20.908596] (-) TimerEvent: {}
[21.009213] (-) TimerEvent: {}
[21.110360] (-) TimerEvent: {}
[21.211261] (-) TimerEvent: {}
[21.312301] (-) TimerEvent: {}
[21.413202] (-) TimerEvent: {}
[21.514092] (-) TimerEvent: {}
[21.614696] (-) TimerEvent: {}
[21.715383] (-) TimerEvent: {}
[21.816981] (-) TimerEvent: {}
[21.917931] (-) TimerEvent: {}
[22.018469] (-) TimerEvent: {}
[22.119184] (-) TimerEvent: {}
[22.219816] (-) TimerEvent: {}
[22.320716] (-) TimerEvent: {}
[22.421566] (-) TimerEvent: {}
[22.522465] (-) TimerEvent: {}
[22.623434] (-) TimerEvent: {}
[22.724315] (-) TimerEvent: {}
[22.824889] (-) TimerEvent: {}
[22.925773] (-) TimerEvent: {}
[23.026374] (-) TimerEvent: {}
[23.127222] (-) TimerEvent: {}
[23.227965] (-) TimerEvent: {}
[23.328876] (-) TimerEvent: {}
[23.429431] (-) TimerEvent: {}
[23.530060] (-) TimerEvent: {}
[23.630833] (-) TimerEvent: {}
[23.731867] (-) TimerEvent: {}
[23.832671] (-) TimerEvent: {}
[23.933698] (-) TimerEvent: {}
[24.034459] (-) TimerEvent: {}
[24.135272] (-) TimerEvent: {}
[24.236162] (-) TimerEvent: {}
[24.337580] (-) TimerEvent: {}
[24.438612] (-) TimerEvent: {}
[24.539261] (-) TimerEvent: {}
[24.639854] (-) TimerEvent: {}
[24.743227] (-) TimerEvent: {}
[24.844169] (-) TimerEvent: {}
[24.945171] (-) TimerEvent: {}
[25.046022] (-) TimerEvent: {}
[25.147144] (-) TimerEvent: {}
[25.247915] (-) TimerEvent: {}
[25.348844] (-) TimerEvent: {}
[25.449817] (-) TimerEvent: {}
[25.550667] (-) TimerEvent: {}
[25.651601] (-) TimerEvent: {}
[25.752721] (-) TimerEvent: {}
[25.853306] (-) TimerEvent: {}
[25.954516] (-) TimerEvent: {}
[26.055236] (-) TimerEvent: {}
[26.155893] (-) TimerEvent: {}
[26.256931] (-) TimerEvent: {}
[26.358096] (-) TimerEvent: {}
[26.458728] (-) TimerEvent: {}
[26.559694] (-) TimerEvent: {}
[26.660339] (-) TimerEvent: {}
[26.761043] (-) TimerEvent: {}
[26.861576] (-) TimerEvent: {}
[26.962608] (-) TimerEvent: {}
[27.063584] (-) TimerEvent: {}
[27.164761] (-) TimerEvent: {}
[27.265622] (-) TimerEvent: {}
[27.367073] (-) TimerEvent: {}
[27.467919] (-) TimerEvent: {}
[27.568947] (-) TimerEvent: {}
[27.670080] (-) TimerEvent: {}
[27.772767] (-) TimerEvent: {}
[27.873551] (-) TimerEvent: {}
[27.974512] (-) TimerEvent: {}
[28.076380] (-) TimerEvent: {}
[28.177279] (-) TimerEvent: {}
[28.277939] (-) TimerEvent: {}
[28.379849] (-) TimerEvent: {}
[28.483838] (-) TimerEvent: {}
[28.584845] (-) TimerEvent: {}
[28.686659] (-) TimerEvent: {}
[28.787781] (-) TimerEvent: {}
[28.889270] (-) TimerEvent: {}
[28.990960] (-) TimerEvent: {}
[29.091823] (-) TimerEvent: {}
[29.192931] (-) TimerEvent: {}
[29.294418] (-) TimerEvent: {}
[29.397672] (-) TimerEvent: {}
[29.498677] (-) TimerEvent: {}
[29.599484] (-) TimerEvent: {}
[29.701581] (-) TimerEvent: {}
[29.803720] (-) TimerEvent: {}
[29.905720] (-) TimerEvent: {}
[30.007326] (-) TimerEvent: {}
[30.109665] (-) TimerEvent: {}
[30.210648] (-) TimerEvent: {}
[30.311572] (-) TimerEvent: {}
[30.412566] (-) TimerEvent: {}
[30.514951] (-) TimerEvent: {}
[30.616202] (-) TimerEvent: {}
[30.717055] (-) TimerEvent: {}
[30.819539] (-) TimerEvent: {}
[30.920537] (-) TimerEvent: {}
[31.021435] (-) TimerEvent: {}
[31.124719] (-) TimerEvent: {}
[31.225845] (-) TimerEvent: {}
[31.326428] (-) TimerEvent: {}
[31.428921] (-) TimerEvent: {}
[31.530685] (-) TimerEvent: {}
[31.632420] (-) TimerEvent: {}
[31.734762] (-) TimerEvent: {}
[31.835330] (-) TimerEvent: {}
[31.936635] (-) TimerEvent: {}
[32.038060] (-) TimerEvent: {}
[32.142439] (-) TimerEvent: {}
[32.243750] (-) TimerEvent: {}
[32.346351] (-) TimerEvent: {}
[32.447240] (-) TimerEvent: {}
[32.548182] (-) TimerEvent: {}
[32.649361] (-) TimerEvent: {}
[32.754330] (-) TimerEvent: {}
[32.855435] (-) TimerEvent: {}
[32.957137] (-) TimerEvent: {}
[33.059609] (-) TimerEvent: {}
[33.160372] (-) TimerEvent: {}
[33.264608] (-) TimerEvent: {}
[33.366823] (-) TimerEvent: {}
[33.469755] (-) TimerEvent: {}
[33.571685] (-) TimerEvent: {}
[33.673239] (-) TimerEvent: {}
[33.776940] (-) TimerEvent: {}
[33.877660] (-) TimerEvent: {}
[33.980293] (-) TimerEvent: {}
[34.083543] (-) TimerEvent: {}
[34.185369] (-) TimerEvent: {}
[34.286528] (-) TimerEvent: {}
[34.387687] (-) TimerEvent: {}
[34.488831] (-) TimerEvent: {}
[34.591292] (-) TimerEvent: {}
[34.692084] (-) TimerEvent: {}
[34.795264] (-) TimerEvent: {}
[34.897434] (-) TimerEvent: {}
[34.999257] (-) TimerEvent: {}
[35.102088] (-) TimerEvent: {}
[35.202976] (-) TimerEvent: {}
[35.304476] (-) TimerEvent: {}
[35.406356] (-) TimerEvent: {}
[35.507574] (-) TimerEvent: {}
[35.610164] (-) TimerEvent: {}
[35.711167] (-) TimerEvent: {}
[35.814286] (-) TimerEvent: {}
[35.916355] (-) TimerEvent: {}
[36.018016] (-) TimerEvent: {}
[36.120109] (-) TimerEvent: {}
[36.221359] (-) TimerEvent: {}
[36.323108] (-) TimerEvent: {}
[36.424348] (-) TimerEvent: {}
[36.527188] (-) TimerEvent: {}
[36.628309] (-) TimerEvent: {}
[36.729411] (-) TimerEvent: {}
[36.830779] (-) TimerEvent: {}
[36.932841] (-) TimerEvent: {}
[37.034429] (-) TimerEvent: {}
[37.135438] (-) TimerEvent: {}
[37.236355] (-) TimerEvent: {}
[37.337090] (-) TimerEvent: {}
[37.438138] (-) TimerEvent: {}
[37.538999] (-) TimerEvent: {}
[37.639772] (-) TimerEvent: {}
[37.740654] (-) TimerEvent: {}
[37.841707] (-) TimerEvent: {}
[37.942926] (-) TimerEvent: {}
[38.044530] (-) TimerEvent: {}
[38.145932] (-) TimerEvent: {}
[38.246926] (-) TimerEvent: {}
[38.348098] (-) TimerEvent: {}
[38.449305] (-) TimerEvent: {}
[38.550387] (-) TimerEvent: {}
[38.651107] (-) TimerEvent: {}
[38.752727] (-) TimerEvent: {}
[38.853322] (-) TimerEvent: {}
[38.954092] (-) TimerEvent: {}
[39.055401] (-) TimerEvent: {}
[39.156302] (-) TimerEvent: {}
[39.257500] (-) TimerEvent: {}
[39.358177] (-) TimerEvent: {}
[39.458946] (-) TimerEvent: {}
[39.559829] (-) TimerEvent: {}
[39.660340] (-) TimerEvent: {}
[39.761309] (-) TimerEvent: {}
[39.862183] (-) TimerEvent: {}
[39.962782] (-) TimerEvent: {}
[40.063691] (-) TimerEvent: {}
[40.165180] (-) TimerEvent: {}
[40.266509] (-) TimerEvent: {}
[40.367215] (-) TimerEvent: {}
[40.468088] (-) TimerEvent: {}
[40.568954] (-) TimerEvent: {}
[40.669949] (-) TimerEvent: {}
[40.771146] (-) TimerEvent: {}
[40.871788] (-) TimerEvent: {}
[40.972612] (-) TimerEvent: {}
[41.073533] (-) TimerEvent: {}
[41.174697] (-) TimerEvent: {}
[41.275411] (-) TimerEvent: {}
[41.376256] (-) TimerEvent: {}
[41.477488] (-) TimerEvent: {}
[41.578611] (-) TimerEvent: {}
[41.679884] (-) TimerEvent: {}
[41.780730] (-) TimerEvent: {}
[41.881518] (-) TimerEvent: {}
[41.982578] (-) TimerEvent: {}
[42.083718] (-) TimerEvent: {}
[42.185121] (-) TimerEvent: {}
[42.286143] (-) TimerEvent: {}
[42.387001] (-) TimerEvent: {}
[42.488001] (-) TimerEvent: {}
[42.589003] (-) TimerEvent: {}
[42.689574] (-) TimerEvent: {}
[42.790305] (-) TimerEvent: {}
[42.891168] (-) TimerEvent: {}
[42.992212] (-) TimerEvent: {}
[43.092985] (-) TimerEvent: {}
[43.193658] (-) TimerEvent: {}
[43.294713] (-) TimerEvent: {}
[43.395735] (-) TimerEvent: {}
[43.496289] (-) TimerEvent: {}
[43.597245] (-) TimerEvent: {}
[43.698136] (-) TimerEvent: {}
[43.799186] (-) TimerEvent: {}
[43.900067] (-) TimerEvent: {}
[44.001076] (-) TimerEvent: {}
[44.102090] (-) TimerEvent: {}
[44.202884] (-) TimerEvent: {}
[44.303522] (-) TimerEvent: {}
[44.404375] (-) TimerEvent: {}
[44.505108] (-) TimerEvent: {}
[44.605811] (-) TimerEvent: {}
[44.706693] (-) TimerEvent: {}
[44.807293] (-) TimerEvent: {}
[44.908108] (-) TimerEvent: {}
[45.009056] (-) TimerEvent: {}
[45.110030] (-) TimerEvent: {}
[45.210428] (-) TimerEvent: {}
[45.311236] (-) TimerEvent: {}
[45.411823] (-) TimerEvent: {}
[45.513057] (-) TimerEvent: {}
[45.613955] (-) TimerEvent: {}
[45.714740] (-) TimerEvent: {}
[45.816051] (-) TimerEvent: {}
[45.916963] (-) TimerEvent: {}
[46.018265] (-) TimerEvent: {}
[46.119046] (-) TimerEvent: {}
[46.219802] (-) TimerEvent: {}
[46.321303] (-) TimerEvent: {}
[46.422125] (-) TimerEvent: {}
[46.522881] (-) TimerEvent: {}
[46.624011] (-) TimerEvent: {}
[46.724879] (-) TimerEvent: {}
[46.825553] (-) TimerEvent: {}
[46.926442] (-) TimerEvent: {}
[47.028736] (-) TimerEvent: {}
[47.129227] (-) TimerEvent: {}
[47.230633] (-) TimerEvent: {}
[47.332185] (-) TimerEvent: {}
[47.433774] (-) TimerEvent: {}
[47.534417] (-) TimerEvent: {}
[47.636322] (-) TimerEvent: {}
[47.655949] (z1_hardware_interface) StdoutLine: {'line': b'-- Found Boost: /usr/lib/x86_64-linux-gnu/cmake/Boost-1.74.0/BoostConfig.cmake (found version "1.74.0")  \n'}
[47.674610] (z1_hardware_interface) StderrLine: {'line': b'\x1b[33mCMake Warning at /home/wangkun/z1_ros2_ws/build/z1_hardware_interface/_deps/z1_controller-src/CMakeLists.txt:20 (find_package):\n'}
[47.674944] (z1_hardware_interface) StderrLine: {'line': b'  By not providing "Findcatkin.cmake" in CMAKE_MODULE_PATH this project has\n'}
[47.675027] (z1_hardware_interface) StderrLine: {'line': b'  asked CMake to find a package configuration file provided by "catkin", but\n'}
[47.675098] (z1_hardware_interface) StderrLine: {'line': b'  CMake did not find one.\n'}
[47.675341] (z1_hardware_interface) StderrLine: {'line': b'\n'}
[47.675589] (z1_hardware_interface) StderrLine: {'line': b'  Could not find a package configuration file provided by "catkin" with any\n'}
[47.675666] (z1_hardware_interface) StderrLine: {'line': b'  of the following names:\n'}
[47.675736] (z1_hardware_interface) StderrLine: {'line': b'\n'}
[47.675799] (z1_hardware_interface) StderrLine: {'line': b'    catkinConfig.cmake\n'}
[47.675862] (z1_hardware_interface) StderrLine: {'line': b'    catkin-config.cmake\n'}
[47.675921] (z1_hardware_interface) StderrLine: {'line': b'\n'}
[47.676066] (z1_hardware_interface) StderrLine: {'line': b'  Add the installation prefix of "catkin" to CMAKE_PREFIX_PATH or set\n'}
[47.676140] (z1_hardware_interface) StderrLine: {'line': b'  "catkin_DIR" to a directory containing one of the above files.  If "catkin"\n'}
[47.676204] (z1_hardware_interface) StderrLine: {'line': b'  provides a separate development package or SDK, be sure it has been\n'}
[47.676359] (z1_hardware_interface) StderrLine: {'line': b'  installed.\n'}
[47.676514] (z1_hardware_interface) StderrLine: {'line': b'\n'}
[47.676588] (z1_hardware_interface) StderrLine: {'line': b'\x1b[0m\n'}
[47.676656] (z1_hardware_interface) StdoutLine: {'line': b'-- z1_sdk not found, fetching...\n'}
[47.737031] (-) TimerEvent: {}
[47.837511] (-) TimerEvent: {}
[47.939976] (-) TimerEvent: {}
[48.041248] (-) TimerEvent: {}
[48.142252] (-) TimerEvent: {}
[48.243064] (-) TimerEvent: {}
[48.344097] (-) TimerEvent: {}
[48.445049] (-) TimerEvent: {}
[48.546588] (-) TimerEvent: {}
[48.647252] (-) TimerEvent: {}
[48.747986] (-) TimerEvent: {}
[48.849249] (-) TimerEvent: {}
[48.950223] (-) TimerEvent: {}
[49.050818] (-) TimerEvent: {}
[49.151846] (-) TimerEvent: {}
[49.252904] (-) TimerEvent: {}
[49.353927] (-) TimerEvent: {}
[49.455090] (-) TimerEvent: {}
[49.555686] (-) TimerEvent: {}
[49.656899] (-) TimerEvent: {}
[49.758184] (-) TimerEvent: {}
[49.858953] (-) TimerEvent: {}
[49.959962] (-) TimerEvent: {}
[50.060830] (-) TimerEvent: {}
[50.161734] (-) TimerEvent: {}
[50.262472] (-) TimerEvent: {}
[50.363438] (-) TimerEvent: {}
[50.464590] (-) TimerEvent: {}
[50.565203] (-) TimerEvent: {}
[50.666309] (-) TimerEvent: {}
[50.766895] (-) TimerEvent: {}
[50.867810] (-) TimerEvent: {}
[50.969141] (-) TimerEvent: {}
[51.069726] (-) TimerEvent: {}
[51.170679] (-) TimerEvent: {}
[51.271354] (-) TimerEvent: {}
[51.372245] (-) TimerEvent: {}
[51.473056] (-) TimerEvent: {}
[51.573666] (-) TimerEvent: {}
[51.674938] (-) TimerEvent: {}
[51.775966] (-) TimerEvent: {}
[51.876969] (-) TimerEvent: {}
[51.977760] (-) TimerEvent: {}
[52.078322] (-) TimerEvent: {}
[52.179115] (-) TimerEvent: {}
[52.280016] (-) TimerEvent: {}
[52.380894] (-) TimerEvent: {}
[52.481687] (-) TimerEvent: {}
[52.582572] (-) TimerEvent: {}
[52.683422] (-) TimerEvent: {}
[52.784393] (-) TimerEvent: {}
[52.885143] (-) TimerEvent: {}
[52.986082] (-) TimerEvent: {}
[53.086880] (-) TimerEvent: {}
[53.187538] (-) TimerEvent: {}
[53.288248] (-) TimerEvent: {}
[53.388934] (-) TimerEvent: {}
[53.489659] (-) TimerEvent: {}
[53.590676] (-) TimerEvent: {}
[53.691369] (-) TimerEvent: {}
[53.792381] (-) TimerEvent: {}
[53.893437] (-) TimerEvent: {}
[53.994098] (-) TimerEvent: {}
[54.094839] (-) TimerEvent: {}
[54.196334] (-) TimerEvent: {}
[54.297040] (-) TimerEvent: {}
[54.398042] (-) TimerEvent: {}
[54.498930] (-) TimerEvent: {}
[54.599572] (-) TimerEvent: {}
[54.700775] (-) TimerEvent: {}
[54.801485] (-) TimerEvent: {}
[54.902037] (-) TimerEvent: {}
[55.003000] (-) TimerEvent: {}
[55.103942] (-) TimerEvent: {}
[55.204457] (-) TimerEvent: {}
[55.305367] (-) TimerEvent: {}
[55.406032] (-) TimerEvent: {}
[55.506513] (-) TimerEvent: {}
[55.607145] (-) TimerEvent: {}
[55.707701] (-) TimerEvent: {}
[55.808474] (-) TimerEvent: {}
[55.909202] (-) TimerEvent: {}
[56.009709] (-) TimerEvent: {}
[56.110563] (-) TimerEvent: {}
[56.211070] (-) TimerEvent: {}
[56.312126] (-) TimerEvent: {}
[56.412776] (-) TimerEvent: {}
[56.513678] (-) TimerEvent: {}
[56.614211] (-) TimerEvent: {}
[56.715805] (-) TimerEvent: {}
[56.817125] (-) TimerEvent: {}
[56.917791] (-) TimerEvent: {}
[57.018399] (-) TimerEvent: {}
[57.119248] (-) TimerEvent: {}
[57.220808] (-) TimerEvent: {}
[57.321901] (-) TimerEvent: {}
[57.422768] (-) TimerEvent: {}
[57.523574] (-) TimerEvent: {}
[57.624423] (-) TimerEvent: {}
[57.725239] (-) TimerEvent: {}
[57.826305] (-) TimerEvent: {}
[57.927321] (-) TimerEvent: {}
[58.028223] (-) TimerEvent: {}
[58.129606] (-) TimerEvent: {}
[58.230491] (-) TimerEvent: {}
[58.331438] (-) TimerEvent: {}
[58.433007] (-) TimerEvent: {}
[58.533809] (-) TimerEvent: {}
[58.634818] (-) TimerEvent: {}
[58.735416] (-) TimerEvent: {}
[58.835998] (-) TimerEvent: {}
[58.936844] (-) TimerEvent: {}
[59.037563] (-) TimerEvent: {}
[59.138477] (-) TimerEvent: {}
[59.239616] (-) TimerEvent: {}
[59.340407] (-) TimerEvent: {}
[59.441299] (-) TimerEvent: {}
[59.542097] (-) TimerEvent: {}
[59.642641] (-) TimerEvent: {}
[59.743230] (-) TimerEvent: {}
[59.844532] (-) TimerEvent: {}
[59.945563] (-) TimerEvent: {}
[60.046357] (-) TimerEvent: {}
[60.147191] (-) TimerEvent: {}
[60.248187] (-) TimerEvent: {}
[60.348908] (-) TimerEvent: {}
[60.449570] (-) TimerEvent: {}
[60.550349] (-) TimerEvent: {}
[60.650859] (-) TimerEvent: {}
[60.751723] (-) TimerEvent: {}
[60.852469] (-) TimerEvent: {}
[60.953112] (-) TimerEvent: {}
[61.054078] (-) TimerEvent: {}
[61.154825] (-) TimerEvent: {}
[61.256626] (-) TimerEvent: {}
[61.357531] (-) TimerEvent: {}
[61.458655] (-) TimerEvent: {}
[61.559166] (-) TimerEvent: {}
[61.659835] (-) TimerEvent: {}
[61.761124] (-) TimerEvent: {}
[61.861816] (-) TimerEvent: {}
[61.962630] (-) TimerEvent: {}
[62.063395] (-) TimerEvent: {}
[62.164508] (-) TimerEvent: {}
[62.265128] (-) TimerEvent: {}
[62.365878] (-) TimerEvent: {}
[62.467121] (-) TimerEvent: {}
[62.567798] (-) TimerEvent: {}
[62.668382] (-) TimerEvent: {}
[62.769322] (-) TimerEvent: {}
[62.870326] (-) TimerEvent: {}
[62.971093] (-) TimerEvent: {}
[63.071884] (-) TimerEvent: {}
[63.172764] (-) TimerEvent: {}
[63.273673] (-) TimerEvent: {}
[63.374635] (-) TimerEvent: {}
[63.475274] (-) TimerEvent: {}
[63.575941] (-) TimerEvent: {}
[63.676667] (-) TimerEvent: {}
[63.777096] (-) TimerEvent: {}
[63.878127] (-) TimerEvent: {}
[63.978988] (-) TimerEvent: {}
[64.080197] (-) TimerEvent: {}
[64.181211] (-) TimerEvent: {}
[64.282158] (-) TimerEvent: {}
[64.383335] (-) TimerEvent: {}
[64.484508] (-) TimerEvent: {}
[64.585480] (-) TimerEvent: {}
[64.686479] (-) TimerEvent: {}
[64.787466] (-) TimerEvent: {}
[64.888590] (-) TimerEvent: {}
[64.989423] (-) TimerEvent: {}
[65.090086] (-) TimerEvent: {}
[65.191248] (-) TimerEvent: {}
[65.292364] (-) TimerEvent: {}
[65.393164] (-) TimerEvent: {}
[65.494867] (-) TimerEvent: {}
[65.595774] (-) TimerEvent: {}
[65.696809] (-) TimerEvent: {}
[65.797979] (-) TimerEvent: {}
[65.899273] (-) TimerEvent: {}
[66.000011] (-) TimerEvent: {}
[66.102184] (-) TimerEvent: {}
[66.204605] (-) TimerEvent: {}
[66.305224] (-) TimerEvent: {}
[66.406590] (-) TimerEvent: {}
[66.507639] (-) TimerEvent: {}
[66.609369] (-) TimerEvent: {}
[66.710168] (-) TimerEvent: {}
[66.810898] (-) TimerEvent: {}
[66.911626] (-) TimerEvent: {}
[67.012761] (-) TimerEvent: {}
[67.113442] (-) TimerEvent: {}
[67.214107] (-) TimerEvent: {}
[67.314838] (-) TimerEvent: {}
[67.415523] (-) TimerEvent: {}
[67.516566] (-) TimerEvent: {}
[67.617043] (-) TimerEvent: {}
[67.718210] (-) TimerEvent: {}
[67.818956] (-) TimerEvent: {}
[67.919827] (-) TimerEvent: {}
[68.020789] (-) TimerEvent: {}
[68.121788] (-) TimerEvent: {}
[68.222718] (-) TimerEvent: {}
[68.323767] (-) TimerEvent: {}
[68.424920] (-) TimerEvent: {}
[68.526028] (-) TimerEvent: {}
[68.626660] (-) TimerEvent: {}
[68.727460] (-) TimerEvent: {}
[68.828368] (-) TimerEvent: {}
[68.929257] (-) TimerEvent: {}
[69.030155] (-) TimerEvent: {}
[69.131121] (-) TimerEvent: {}
[69.232032] (-) TimerEvent: {}
[69.333201] (-) TimerEvent: {}
[69.434728] (-) TimerEvent: {}
[69.535203] (-) TimerEvent: {}
[69.635829] (-) TimerEvent: {}
[69.736746] (-) TimerEvent: {}
[69.837936] (-) TimerEvent: {}
[69.938546] (-) TimerEvent: {}
[70.039533] (-) TimerEvent: {}
[70.140427] (-) TimerEvent: {}
[70.241990] (-) TimerEvent: {}
[70.343020] (-) TimerEvent: {}
[70.444422] (-) TimerEvent: {}
[70.545363] (-) TimerEvent: {}
[70.646297] (-) TimerEvent: {}
[70.747263] (-) TimerEvent: {}
[70.848378] (-) TimerEvent: {}
[70.949568] (-) TimerEvent: {}
[71.051448] (-) TimerEvent: {}
[71.152192] (-) TimerEvent: {}
[71.254308] (-) TimerEvent: {}
[71.355057] (-) TimerEvent: {}
[71.456530] (-) TimerEvent: {}
[71.557425] (-) TimerEvent: {}
[71.658361] (-) TimerEvent: {}
[71.759062] (-) TimerEvent: {}
[71.860045] (-) TimerEvent: {}
[71.960743] (-) TimerEvent: {}
[72.061802] (-) TimerEvent: {}
[72.162531] (-) TimerEvent: {}
[72.264038] (-) TimerEvent: {}
[72.365114] (-) TimerEvent: {}
[72.465629] (-) TimerEvent: {}
[72.566253] (-) TimerEvent: {}
[72.667405] (-) TimerEvent: {}
[72.768351] (-) TimerEvent: {}
[72.869049] (-) TimerEvent: {}
[72.969625] (-) TimerEvent: {}
[73.070421] (-) TimerEvent: {}
[73.171438] (-) TimerEvent: {}
[73.272372] (-) TimerEvent: {}
[73.373338] (-) TimerEvent: {}
[73.473933] (-) TimerEvent: {}
[73.575183] (-) TimerEvent: {}
[73.676167] (-) TimerEvent: {}
[73.776728] (-) TimerEvent: {}
[73.877258] (-) TimerEvent: {}
[73.977759] (-) TimerEvent: {}
[74.078501] (-) TimerEvent: {}
[74.179027] (-) TimerEvent: {}
[74.279999] (-) TimerEvent: {}
[74.380703] (-) TimerEvent: {}
[74.481688] (-) TimerEvent: {}
[74.582521] (-) TimerEvent: {}
[74.683583] (-) TimerEvent: {}
[74.784435] (-) TimerEvent: {}
[74.885374] (-) TimerEvent: {}
[74.985901] (-) TimerEvent: {}
[75.086856] (-) TimerEvent: {}
[75.187666] (-) TimerEvent: {}
[75.288547] (-) TimerEvent: {}
[75.389563] (-) TimerEvent: {}
[75.490344] (-) TimerEvent: {}
[75.591386] (-) TimerEvent: {}
[75.692013] (-) TimerEvent: {}
[75.793162] (-) TimerEvent: {}
[75.894096] (-) TimerEvent: {}
[75.995125] (-) TimerEvent: {}
[76.095654] (-) TimerEvent: {}
[76.197334] (-) TimerEvent: {}
[76.297982] (-) TimerEvent: {}
[76.399200] (-) TimerEvent: {}
[76.500162] (-) TimerEvent: {}
[76.601141] (-) TimerEvent: {}
[76.702223] (-) TimerEvent: {}
[76.803101] (-) TimerEvent: {}
[76.904125] (-) TimerEvent: {}
[77.004969] (-) TimerEvent: {}
[77.107162] (-) TimerEvent: {}
[77.208236] (-) TimerEvent: {}
[77.309251] (-) TimerEvent: {}
[77.409932] (-) TimerEvent: {}
[77.510689] (-) TimerEvent: {}
[77.611661] (-) TimerEvent: {}
[77.712289] (-) TimerEvent: {}
[77.813392] (-) TimerEvent: {}
[77.914341] (-) TimerEvent: {}
[78.015231] (-) TimerEvent: {}
[78.116216] (-) TimerEvent: {}
[78.217451] (-) TimerEvent: {}
[78.318247] (-) TimerEvent: {}
[78.418909] (-) TimerEvent: {}
[78.519780] (-) TimerEvent: {}
[78.620601] (-) TimerEvent: {}
[78.721226] (-) TimerEvent: {}
[78.821597] (-) TimerEvent: {}
[78.922175] (-) TimerEvent: {}
[79.022864] (-) TimerEvent: {}
[79.123840] (-) TimerEvent: {}
[79.224784] (-) TimerEvent: {}
[79.325738] (-) TimerEvent: {}
[79.426725] (-) TimerEvent: {}
[79.527470] (-) TimerEvent: {}
[79.628238] (-) TimerEvent: {}
[79.728978] (-) TimerEvent: {}
[79.829986] (-) TimerEvent: {}
[79.930743] (-) TimerEvent: {}
[80.031717] (-) TimerEvent: {}
[80.132721] (-) TimerEvent: {}
[80.233792] (-) TimerEvent: {}
[80.334474] (-) TimerEvent: {}
[80.435458] (-) TimerEvent: {}
[80.536192] (-) TimerEvent: {}
[80.637258] (-) TimerEvent: {}
[80.737965] (-) TimerEvent: {}
[80.839025] (-) TimerEvent: {}
[80.939805] (-) TimerEvent: {}
[81.040508] (-) TimerEvent: {}
[81.141520] (-) TimerEvent: {}
[81.242187] (-) TimerEvent: {}
[81.343223] (-) TimerEvent: {}
[81.444242] (-) TimerEvent: {}
[81.544708] (-) TimerEvent: {}
[81.645727] (-) TimerEvent: {}
[81.746468] (-) TimerEvent: {}
[81.847620] (-) TimerEvent: {}
[81.948082] (-) TimerEvent: {}
[82.048754] (-) TimerEvent: {}
[82.149696] (-) TimerEvent: {}
[82.250694] (-) TimerEvent: {}
[82.351737] (-) TimerEvent: {}
[82.452633] (-) TimerEvent: {}
[82.553591] (-) TimerEvent: {}
[82.654375] (-) TimerEvent: {}
[82.755367] (-) TimerEvent: {}
[82.856399] (-) TimerEvent: {}
[82.957460] (-) TimerEvent: {}
[83.058348] (-) TimerEvent: {}
[83.159180] (-) TimerEvent: {}
[83.259836] (-) TimerEvent: {}
[83.360497] (-) TimerEvent: {}
[83.461716] (-) TimerEvent: {}
[83.562660] (-) TimerEvent: {}
[83.663547] (-) TimerEvent: {}
[83.764315] (-) TimerEvent: {}
[83.865527] (-) TimerEvent: {}
[83.966346] (-) TimerEvent: {}
[84.067161] (-) TimerEvent: {}
[84.168122] (-) TimerEvent: {}
[84.268957] (-) TimerEvent: {}
[84.369873] (-) TimerEvent: {}
[84.470609] (-) TimerEvent: {}
[84.571372] (-) TimerEvent: {}
[84.672562] (-) TimerEvent: {}
[84.773475] (-) TimerEvent: {}
[84.874374] (-) TimerEvent: {}
[84.975541] (-) TimerEvent: {}
[85.076100] (-) TimerEvent: {}
[85.176652] (-) TimerEvent: {}
[85.277251] (-) TimerEvent: {}
[85.378024] (-) TimerEvent: {}
[85.478899] (-) TimerEvent: {}
[85.579540] (-) TimerEvent: {}
[85.680737] (-) TimerEvent: {}
[85.781926] (-) TimerEvent: {}
[85.882873] (-) TimerEvent: {}
[85.983682] (-) TimerEvent: {}
[86.084613] (-) TimerEvent: {}
[86.185246] (-) TimerEvent: {}
[86.285990] (-) TimerEvent: {}
[86.386522] (-) TimerEvent: {}
[86.487040] (-) TimerEvent: {}
[86.587737] (-) TimerEvent: {}
[86.688828] (-) TimerEvent: {}
[86.789735] (-) TimerEvent: {}
[86.890954] (-) TimerEvent: {}
[86.992094] (-) TimerEvent: {}
[87.092856] (-) TimerEvent: {}
[87.193815] (-) TimerEvent: {}
[87.294717] (-) TimerEvent: {}
[87.395384] (-) TimerEvent: {}
[87.496222] (-) TimerEvent: {}
[87.597043] (-) TimerEvent: {}
[87.697475] (-) TimerEvent: {}
[87.798336] (-) TimerEvent: {}
[87.899211] (-) TimerEvent: {}
[88.000068] (-) TimerEvent: {}
[88.101053] (-) TimerEvent: {}
[88.201600] (-) TimerEvent: {}
[88.302599] (-) TimerEvent: {}
[88.403802] (-) TimerEvent: {}
[88.504718] (-) TimerEvent: {}
[88.605623] (-) TimerEvent: {}
[88.706486] (-) TimerEvent: {}
[88.807298] (-) TimerEvent: {}
[88.907980] (-) TimerEvent: {}
[89.008599] (-) TimerEvent: {}
[89.109435] (-) TimerEvent: {}
[89.210278] (-) TimerEvent: {}
[89.310720] (-) TimerEvent: {}
[89.411286] (-) TimerEvent: {}
[89.511857] (-) TimerEvent: {}
[89.612893] (-) TimerEvent: {}
[89.713533] (-) TimerEvent: {}
[89.814140] (-) TimerEvent: {}
[89.914973] (-) TimerEvent: {}
[90.015870] (-) TimerEvent: {}
[90.116632] (-) TimerEvent: {}
[90.217699] (-) TimerEvent: {}
[90.319495] (-) TimerEvent: {}
[90.420387] (-) TimerEvent: {}
[90.521439] (-) TimerEvent: {}
[90.622183] (-) TimerEvent: {}
[90.723018] (-) TimerEvent: {}
[90.823835] (-) TimerEvent: {}
[90.924372] (-) TimerEvent: {}
[91.025243] (-) TimerEvent: {}
[91.125916] (-) TimerEvent: {}
[91.226655] (-) TimerEvent: {}
[91.327624] (-) TimerEvent: {}
[91.428748] (-) TimerEvent: {}
[91.529320] (-) TimerEvent: {}
[91.630534] (-) TimerEvent: {}
[91.731338] (-) TimerEvent: {}
[91.832079] (-) TimerEvent: {}
[91.932872] (-) TimerEvent: {}
[92.033545] (-) TimerEvent: {}
[92.134340] (-) TimerEvent: {}
[92.235175] (-) TimerEvent: {}
[92.335766] (-) TimerEvent: {}
[92.436466] (-) TimerEvent: {}
[92.537347] (-) TimerEvent: {}
[92.638221] (-) TimerEvent: {}
[92.739202] (-) TimerEvent: {}
[92.840041] (-) TimerEvent: {}
[92.940694] (-) TimerEvent: {}
[93.041861] (-) TimerEvent: {}
[93.142717] (-) TimerEvent: {}
[93.243420] (-) TimerEvent: {}
[93.344108] (-) TimerEvent: {}
[93.445085] (-) TimerEvent: {}
[93.547018] (-) TimerEvent: {}
[93.648320] (-) TimerEvent: {}
[93.749484] (-) TimerEvent: {}
[93.850855] (-) TimerEvent: {}
[93.951564] (-) TimerEvent: {}
[94.052286] (-) TimerEvent: {}
[94.153382] (-) TimerEvent: {}
[94.255212] (-) TimerEvent: {}
[94.357001] (-) TimerEvent: {}
[94.458009] (-) TimerEvent: {}
[94.558994] (-) TimerEvent: {}
[94.660812] (-) TimerEvent: {}
[94.762459] (-) TimerEvent: {}
[94.863208] (-) TimerEvent: {}
[94.963887] (-) TimerEvent: {}
[95.065166] (-) TimerEvent: {}
[95.166464] (-) TimerEvent: {}
[95.267091] (-) TimerEvent: {}
[95.367902] (-) TimerEvent: {}
[95.468628] (-) TimerEvent: {}
[95.569238] (-) TimerEvent: {}
[95.670130] (-) TimerEvent: {}
[95.770925] (-) TimerEvent: {}
[95.871495] (-) TimerEvent: {}
[95.973628] (-) TimerEvent: {}
[96.074584] (-) TimerEvent: {}
[96.175432] (-) TimerEvent: {}
[96.276174] (-) TimerEvent: {}
[96.377031] (-) TimerEvent: {}
[96.478061] (-) TimerEvent: {}
[96.579248] (-) TimerEvent: {}
[96.681437] (-) TimerEvent: {}
[96.782597] (-) TimerEvent: {}
[96.884082] (-) TimerEvent: {}
[96.985043] (-) TimerEvent: {}
[97.085600] (-) TimerEvent: {}
[97.186462] (-) TimerEvent: {}
[97.287511] (-) TimerEvent: {}
[97.388459] (-) TimerEvent: {}
[97.489369] (-) TimerEvent: {}
[97.589928] (-) TimerEvent: {}
[97.691118] (-) TimerEvent: {}
[97.792102] (-) TimerEvent: {}
[97.892694] (-) TimerEvent: {}
[97.993341] (-) TimerEvent: {}
[98.094017] (-) TimerEvent: {}
[98.194626] (-) TimerEvent: {}
[98.295586] (-) TimerEvent: {}
[98.396603] (-) TimerEvent: {}
[98.497226] (-) TimerEvent: {}
[98.597768] (-) TimerEvent: {}
[98.698581] (-) TimerEvent: {}
[98.799314] (-) TimerEvent: {}
[98.900215] (-) TimerEvent: {}
[99.001080] (-) TimerEvent: {}
[99.102034] (-) TimerEvent: {}
[99.203014] (-) TimerEvent: {}
[99.304062] (-) TimerEvent: {}
[99.405050] (-) TimerEvent: {}
[99.506104] (-) TimerEvent: {}
[99.606748] (-) TimerEvent: {}
[99.707777] (-) TimerEvent: {}
[99.809323] (-) TimerEvent: {}
[99.909979] (-) TimerEvent: {}
[100.010647] (-) TimerEvent: {}
[100.111743] (-) TimerEvent: {}
[100.212618] (-) TimerEvent: {}
[100.313662] (-) TimerEvent: {}
[100.414216] (-) TimerEvent: {}
[100.514947] (-) TimerEvent: {}
[100.616072] (-) TimerEvent: {}
[100.717085] (-) TimerEvent: {}
[100.818196] (-) TimerEvent: {}
[100.919314] (-) TimerEvent: {}
[101.020485] (-) TimerEvent: {}
[101.121506] (-) TimerEvent: {}
[101.222136] (-) TimerEvent: {}
[101.322943] (-) TimerEvent: {}
[101.423882] (-) TimerEvent: {}
[101.525023] (-) TimerEvent: {}
[101.625632] (-) TimerEvent: {}
[101.726481] (-) TimerEvent: {}
[101.827226] (-) TimerEvent: {}
[101.928041] (-) TimerEvent: {}
[102.028693] (-) TimerEvent: {}
[102.129723] (-) TimerEvent: {}
[102.230319] (-) TimerEvent: {}
[102.331113] (-) TimerEvent: {}
[102.431983] (-) TimerEvent: {}
[102.533186] (-) TimerEvent: {}
[102.634049] (-) TimerEvent: {}
[102.734830] (-) TimerEvent: {}
[102.835392] (-) TimerEvent: {}
[102.936470] (-) TimerEvent: {}
[103.037217] (-) TimerEvent: {}
[103.138123] (-) TimerEvent: {}
[103.239099] (-) TimerEvent: {}
[103.340075] (-) TimerEvent: {}
[103.440937] (-) TimerEvent: {}
[103.541728] (-) TimerEvent: {}
[103.642306] (-) TimerEvent: {}
[103.743240] (-) TimerEvent: {}
[103.844166] (-) TimerEvent: {}
[103.945008] (-) TimerEvent: {}
[104.045920] (-) TimerEvent: {}
[104.147301] (-) TimerEvent: {}
[104.248638] (-) TimerEvent: {}
[104.349877] (-) TimerEvent: {}
[104.450544] (-) TimerEvent: {}
[104.551769] (-) TimerEvent: {}
[104.652770] (-) TimerEvent: {}
[104.753660] (-) TimerEvent: {}
[104.854452] (-) TimerEvent: {}
[104.955264] (-) TimerEvent: {}
[105.056380] (-) TimerEvent: {}
[105.157008] (-) TimerEvent: {}
[105.257765] (-) TimerEvent: {}
[105.358172] (-) TimerEvent: {}
[105.458750] (-) TimerEvent: {}
[105.559605] (-) TimerEvent: {}
[105.660331] (-) TimerEvent: {}
[105.760920] (-) TimerEvent: {}
[105.861984] (-) TimerEvent: {}
[105.962868] (-) TimerEvent: {}
[106.063901] (-) TimerEvent: {}
[106.165057] (-) TimerEvent: {}
[106.265841] (-) TimerEvent: {}
[106.366633] (-) TimerEvent: {}
[106.467200] (-) TimerEvent: {}
[106.568128] (-) TimerEvent: {}
[106.669083] (-) TimerEvent: {}
[106.769565] (-) TimerEvent: {}
[106.870021] (-) TimerEvent: {}
[106.970820] (-) TimerEvent: {}
[107.071695] (-) TimerEvent: {}
[107.172436] (-) TimerEvent: {}
[107.273499] (-) TimerEvent: {}
[107.374449] (-) TimerEvent: {}
[107.475142] (-) TimerEvent: {}
[107.575745] (-) TimerEvent: {}
[107.676242] (-) TimerEvent: {}
[107.776764] (-) TimerEvent: {}
[107.877650] (-) TimerEvent: {}
[107.978804] (-) TimerEvent: {}
[108.079603] (-) TimerEvent: {}
[108.180503] (-) TimerEvent: {}
[108.281141] (-) TimerEvent: {}
[108.382427] (-) TimerEvent: {}
[108.483093] (-) TimerEvent: {}
[108.585127] (-) TimerEvent: {}
[108.685833] (-) TimerEvent: {}
[108.786716] (-) TimerEvent: {}
[108.887684] (-) TimerEvent: {}
[108.988375] (-) TimerEvent: {}
[109.089460] (-) TimerEvent: {}
[109.190179] (-) TimerEvent: {}
[109.290829] (-) TimerEvent: {}
[109.391633] (-) TimerEvent: {}
[109.492634] (-) TimerEvent: {}
[109.593560] (-) TimerEvent: {}
[109.694395] (-) TimerEvent: {}
[109.795532] (-) TimerEvent: {}
[109.896343] (-) TimerEvent: {}
[109.997002] (-) TimerEvent: {}
[110.098325] (-) TimerEvent: {}
[110.199192] (-) TimerEvent: {}
[110.299968] (-) TimerEvent: {}
[110.400785] (-) TimerEvent: {}
[110.501364] (-) TimerEvent: {}
[110.602015] (-) TimerEvent: {}
[110.702767] (-) TimerEvent: {}
[110.803780] (-) TimerEvent: {}
[110.904771] (-) TimerEvent: {}
[111.005887] (-) TimerEvent: {}
[111.106614] (-) TimerEvent: {}
[111.207545] (-) TimerEvent: {}
[111.308245] (-) TimerEvent: {}
[111.408956] (-) TimerEvent: {}
[111.509488] (-) TimerEvent: {}
[111.610045] (-) TimerEvent: {}
[111.710962] (-) TimerEvent: {}
[111.812128] (-) TimerEvent: {}
[111.912838] (-) TimerEvent: {}
[112.013781] (-) TimerEvent: {}
[112.114710] (-) TimerEvent: {}
[112.216079] (-) TimerEvent: {}
[112.317048] (-) TimerEvent: {}
[112.417936] (-) TimerEvent: {}
[112.519134] (-) TimerEvent: {}
[112.620848] (-) TimerEvent: {}
[112.721713] (-) TimerEvent: {}
[112.822614] (-) TimerEvent: {}
[112.923507] (-) TimerEvent: {}
[113.024309] (-) TimerEvent: {}
[113.125272] (-) TimerEvent: {}
[113.226034] (-) TimerEvent: {}
[113.327017] (-) TimerEvent: {}
[113.428088] (-) TimerEvent: {}
[113.529105] (-) TimerEvent: {}
[113.629642] (-) TimerEvent: {}
[113.730380] (-) TimerEvent: {}
[113.830870] (-) TimerEvent: {}
[113.931796] (-) TimerEvent: {}
[114.032454] (-) TimerEvent: {}
[114.133180] (-) TimerEvent: {}
[114.234157] (-) TimerEvent: {}
[114.335400] (-) TimerEvent: {}
[114.436331] (-) TimerEvent: {}
[114.537595] (-) TimerEvent: {}
[114.638397] (-) TimerEvent: {}
[114.739483] (-) TimerEvent: {}
[114.840444] (-) TimerEvent: {}
[114.941885] (-) TimerEvent: {}
[115.042639] (-) TimerEvent: {}
[115.143699] (-) TimerEvent: {}
[115.244489] (-) TimerEvent: {}
[115.345439] (-) TimerEvent: {}
[115.446069] (-) TimerEvent: {}
[115.547020] (-) TimerEvent: {}
[115.647441] (-) TimerEvent: {}
[115.748492] (-) TimerEvent: {}
[115.849640] (-) TimerEvent: {}
[115.950293] (-) TimerEvent: {}
[116.051679] (-) TimerEvent: {}
[116.152874] (-) TimerEvent: {}
[116.253892] (-) TimerEvent: {}
[116.354728] (-) TimerEvent: {}
[116.455689] (-) TimerEvent: {}
[116.556406] (-) TimerEvent: {}
[116.657041] (-) TimerEvent: {}
[116.757951] (-) TimerEvent: {}
[116.858929] (-) TimerEvent: {}
[116.959475] (-) TimerEvent: {}
[117.060186] (-) TimerEvent: {}
[117.161054] (-) TimerEvent: {}
[117.261868] (-) TimerEvent: {}
[117.362988] (-) TimerEvent: {}
[117.463392] (-) TimerEvent: {}
[117.564219] (-) TimerEvent: {}
[117.665359] (-) TimerEvent: {}
[117.766044] (-) TimerEvent: {}
[117.866939] (-) TimerEvent: {}
[117.968171] (-) TimerEvent: {}
[118.069027] (-) TimerEvent: {}
[118.170192] (-) TimerEvent: {}
[118.270814] (-) TimerEvent: {}
[118.371905] (-) TimerEvent: {}
[118.472612] (-) TimerEvent: {}
[118.573651] (-) TimerEvent: {}
[118.674652] (-) TimerEvent: {}
[118.775641] (-) TimerEvent: {}
[118.876232] (-) TimerEvent: {}
[118.977191] (-) TimerEvent: {}
[119.077972] (-) TimerEvent: {}
[119.178619] (-) TimerEvent: {}
[119.279350] (-) TimerEvent: {}
[119.380326] (-) TimerEvent: {}
[119.481111] (-) TimerEvent: {}
[119.582212] (-) TimerEvent: {}
[119.683370] (-) TimerEvent: {}
[119.784473] (-) TimerEvent: {}
[119.885377] (-) TimerEvent: {}
[119.986615] (-) TimerEvent: {}
[120.087594] (-) TimerEvent: {}
[120.188486] (-) TimerEvent: {}
[120.289392] (-) TimerEvent: {}
[120.390205] (-) TimerEvent: {}
[120.491165] (-) TimerEvent: {}
[120.592049] (-) TimerEvent: {}
[120.693351] (-) TimerEvent: {}
[120.794265] (-) TimerEvent: {}
[120.895466] (-) TimerEvent: {}
[120.995900] (-) TimerEvent: {}
[121.096653] (-) TimerEvent: {}
[121.197773] (-) TimerEvent: {}
[121.298890] (-) TimerEvent: {}
[121.399563] (-) TimerEvent: {}
[121.500454] (-) TimerEvent: {}
[121.601604] (-) TimerEvent: {}
[121.702287] (-) TimerEvent: {}
[121.803346] (-) TimerEvent: {}
[121.904501] (-) TimerEvent: {}
[122.005471] (-) TimerEvent: {}
[122.105978] (-) TimerEvent: {}
[122.206780] (-) TimerEvent: {}
[122.307830] (-) TimerEvent: {}
[122.409139] (-) TimerEvent: {}
[122.510042] (-) TimerEvent: {}
[122.611094] (-) TimerEvent: {}
[122.711772] (-) TimerEvent: {}
[122.812409] (-) TimerEvent: {}
[122.913009] (-) TimerEvent: {}
[123.013834] (-) TimerEvent: {}
[123.114946] (-) TimerEvent: {}
[123.215862] (-) TimerEvent: {}
[123.316919] (-) TimerEvent: {}
[123.417754] (-) TimerEvent: {}
[123.518690] (-) TimerEvent: {}
[123.619654] (-) TimerEvent: {}
[123.720281] (-) TimerEvent: {}
[123.820976] (-) TimerEvent: {}
[123.921624] (-) TimerEvent: {}
[124.022534] (-) TimerEvent: {}
[124.123208] (-) TimerEvent: {}
[124.223982] (-) TimerEvent: {}
[124.324977] (-) TimerEvent: {}
[124.425936] (-) TimerEvent: {}
[124.526774] (-) TimerEvent: {}
[124.627980] (-) TimerEvent: {}
[124.729982] (-) TimerEvent: {}
[124.831450] (-) TimerEvent: {}
[124.932483] (-) TimerEvent: {}
[125.033619] (-) TimerEvent: {}
[125.134451] (-) TimerEvent: {}
[125.235496] (-) TimerEvent: {}
[125.336772] (-) TimerEvent: {}
[125.438029] (-) TimerEvent: {}
[125.539351] (-) TimerEvent: {}
[125.640029] (-) TimerEvent: {}
[125.741089] (-) TimerEvent: {}
[125.841676] (-) TimerEvent: {}
[125.942624] (-) TimerEvent: {}
[126.043576] (-) TimerEvent: {}
[126.145271] (-) TimerEvent: {}
[126.246161] (-) TimerEvent: {}
[126.347749] (-) TimerEvent: {}
[126.450507] (-) TimerEvent: {}
[126.551579] (-) TimerEvent: {}
[126.652669] (-) TimerEvent: {}
[126.753401] (-) TimerEvent: {}
[126.854157] (-) TimerEvent: {}
[126.955214] (-) TimerEvent: {}
[127.055958] (-) TimerEvent: {}
[127.156701] (-) TimerEvent: {}
[127.257772] (-) TimerEvent: {}
[127.358892] (-) TimerEvent: {}
[127.459796] (-) TimerEvent: {}
[127.560885] (-) TimerEvent: {}
[127.661556] (-) TimerEvent: {}
[127.762747] (-) TimerEvent: {}
[127.863609] (-) TimerEvent: {}
[127.964504] (-) TimerEvent: {}
[128.065449] (-) TimerEvent: {}
[128.166341] (-) TimerEvent: {}
[128.267378] (-) TimerEvent: {}
[128.368371] (-) TimerEvent: {}
[128.469337] (-) TimerEvent: {}
[128.570329] (-) TimerEvent: {}
[128.671416] (-) TimerEvent: {}
[128.772677] (-) TimerEvent: {}
[128.873755] (-) TimerEvent: {}
[128.974578] (-) TimerEvent: {}
[129.075729] (-) TimerEvent: {}
[129.176387] (-) TimerEvent: {}
[129.277401] (-) TimerEvent: {}
[129.378490] (-) TimerEvent: {}
[129.479525] (-) TimerEvent: {}
[129.580387] (-) TimerEvent: {}
[129.681254] (-) TimerEvent: {}
[129.782394] (-) TimerEvent: {}
[129.883450] (-) TimerEvent: {}
[129.984356] (-) TimerEvent: {}
[130.085111] (-) TimerEvent: {}
[130.186157] (-) TimerEvent: {}
[130.286890] (-) TimerEvent: {}
[130.387621] (-) TimerEvent: {}
[130.488094] (-) TimerEvent: {}
[130.589049] (-) TimerEvent: {}
[130.689876] (-) TimerEvent: {}
[130.790334] (-) TimerEvent: {}
[130.891298] (-) TimerEvent: {}
[130.992280] (-) TimerEvent: {}
[131.092941] (-) TimerEvent: {}
[131.193896] (-) TimerEvent: {}
[131.294452] (-) TimerEvent: {}
[131.395251] (-) TimerEvent: {}
[131.495851] (-) TimerEvent: {}
[131.596628] (-) TimerEvent: {}
[131.698349] (-) TimerEvent: {}
[131.799324] (-) TimerEvent: {}
[131.899815] (-) TimerEvent: {}
[132.000367] (-) TimerEvent: {}
[132.101481] (-) TimerEvent: {}
[132.202380] (-) TimerEvent: {}
[132.303222] (-) TimerEvent: {}
[132.404109] (-) TimerEvent: {}
[132.504798] (-) TimerEvent: {}
[132.605661] (-) TimerEvent: {}
[132.706622] (-) TimerEvent: {}
[132.807391] (-) TimerEvent: {}
[132.908106] (-) TimerEvent: {}
[133.009178] (-) TimerEvent: {}
[133.110152] (-) TimerEvent: {}
[133.210748] (-) TimerEvent: {}
[133.311636] (-) TimerEvent: {}
[133.412301] (-) TimerEvent: {}
[133.512787] (-) TimerEvent: {}
[133.613536] (-) TimerEvent: {}
[133.714450] (-) TimerEvent: {}
[133.815935] (-) TimerEvent: {}
[133.916459] (-) TimerEvent: {}
[134.017245] (-) TimerEvent: {}
[134.117758] (-) TimerEvent: {}
[134.218358] (-) TimerEvent: {}
[134.319254] (-) TimerEvent: {}
[134.420085] (-) TimerEvent: {}
[134.521128] (-) TimerEvent: {}
[134.622190] (-) TimerEvent: {}
[134.722916] (-) TimerEvent: {}
[134.823414] (-) TimerEvent: {}
[134.924598] (-) TimerEvent: {}
[135.025147] (-) TimerEvent: {}
[135.126169] (-) TimerEvent: {}
[135.226744] (-) TimerEvent: {}
[135.327758] (-) TimerEvent: {}
[135.428432] (-) TimerEvent: {}
[135.529042] (-) TimerEvent: {}
[135.629966] (-) TimerEvent: {}
[135.730901] (-) TimerEvent: {}
[135.831553] (-) TimerEvent: {}
[135.932601] (-) TimerEvent: {}
[136.033750] (-) TimerEvent: {}
[136.134896] (-) TimerEvent: {}
[136.235907] (-) TimerEvent: {}
[136.337327] (-) TimerEvent: {}
[136.438470] (-) TimerEvent: {}
[136.540976] (-) TimerEvent: {}
[136.642643] (-) TimerEvent: {}
[136.743951] (-) TimerEvent: {}
[136.846822] (-) TimerEvent: {}
[136.950942] (-) TimerEvent: {}
[137.054271] (-) TimerEvent: {}
[137.155439] (-) TimerEvent: {}
[137.260138] (-) TimerEvent: {}
[137.360958] (-) TimerEvent: {}
[137.461348] (-) TimerEvent: {}
[137.563872] (-) TimerEvent: {}
[137.664468] (-) TimerEvent: {}
[137.765072] (-) TimerEvent: {}
[137.866033] (-) TimerEvent: {}
[137.966665] (-) TimerEvent: {}
[138.067354] (-) TimerEvent: {}
[138.168522] (-) TimerEvent: {}
[138.269211] (-) TimerEvent: {}
[138.370332] (-) TimerEvent: {}
[138.471169] (-) TimerEvent: {}
[138.572087] (-) TimerEvent: {}
[138.673144] (-) TimerEvent: {}
[138.775177] (-) TimerEvent: {}
[138.876050] (-) TimerEvent: {}
[138.976780] (-) TimerEvent: {}
[139.077740] (-) TimerEvent: {}
[139.178469] (-) TimerEvent: {}
[139.279319] (-) TimerEvent: {}
[139.380195] (-) TimerEvent: {}
[139.480831] (-) TimerEvent: {}
[139.581953] (-) TimerEvent: {}
[139.682719] (-) TimerEvent: {}
[139.783908] (-) TimerEvent: {}
[139.884522] (-) TimerEvent: {}
[139.985063] (-) TimerEvent: {}
[140.085882] (-) TimerEvent: {}
[140.187028] (-) TimerEvent: {}
[140.287916] (-) TimerEvent: {}
[140.388655] (-) TimerEvent: {}
[140.489785] (-) TimerEvent: {}
[140.590961] (-) TimerEvent: {}
[140.691574] (-) TimerEvent: {}
[140.793823] (-) TimerEvent: {}
[140.894818] (-) TimerEvent: {}
[140.995912] (-) TimerEvent: {}
[141.096944] (-) TimerEvent: {}
[141.197854] (-) TimerEvent: {}
[141.298447] (-) TimerEvent: {}
[141.399301] (-) TimerEvent: {}
[141.499990] (-) TimerEvent: {}
[141.600511] (-) TimerEvent: {}
[141.701800] (-) TimerEvent: {}
[141.802931] (-) TimerEvent: {}
[141.903618] (-) TimerEvent: {}
[142.004250] (-) TimerEvent: {}
[142.105213] (-) TimerEvent: {}
[142.206285] (-) TimerEvent: {}
[142.307536] (-) TimerEvent: {}
[142.409945] (-) TimerEvent: {}
[142.511462] (-) TimerEvent: {}
[142.612717] (-) TimerEvent: {}
[142.714492] (-) TimerEvent: {}
[142.815229] (-) TimerEvent: {}
[142.916435] (-) TimerEvent: {}
[143.017346] (-) TimerEvent: {}
[143.118455] (-) TimerEvent: {}
[143.219389] (-) TimerEvent: {}
[143.320246] (-) TimerEvent: {}
[143.420905] (-) TimerEvent: {}
[143.522139] (-) TimerEvent: {}
[143.622688] (-) TimerEvent: {}
[143.723620] (-) TimerEvent: {}
[143.824244] (-) TimerEvent: {}
[143.925353] (-) TimerEvent: {}
[144.026159] (-) TimerEvent: {}
[144.127811] (-) TimerEvent: {}
[144.229714] (-) TimerEvent: {}
[144.330751] (-) TimerEvent: {}
[144.431502] (-) TimerEvent: {}
[144.532219] (-) TimerEvent: {}
[144.633389] (-) TimerEvent: {}
[144.734553] (-) TimerEvent: {}
[144.835272] (-) TimerEvent: {}
[144.936072] (-) TimerEvent: {}
[145.036794] (-) TimerEvent: {}
[145.137882] (-) TimerEvent: {}
[145.238767] (-) TimerEvent: {}
[145.339932] (-) TimerEvent: {}
[145.441075] (-) TimerEvent: {}
[145.541826] (-) TimerEvent: {}
[145.642464] (-) TimerEvent: {}
[145.743313] (-) TimerEvent: {}
[145.844301] (-) TimerEvent: {}
[145.945027] (-) TimerEvent: {}
[146.046127] (-) TimerEvent: {}
[146.147005] (-) TimerEvent: {}
[146.248311] (-) TimerEvent: {}
[146.349074] (-) TimerEvent: {}
[146.449675] (-) TimerEvent: {}
[146.550270] (-) TimerEvent: {}
[146.650878] (-) TimerEvent: {}
[146.751559] (-) TimerEvent: {}
[146.852771] (-) TimerEvent: {}
[146.953638] (-) TimerEvent: {}
[147.054437] (-) TimerEvent: {}
[147.155188] (-) TimerEvent: {}
[147.255868] (-) TimerEvent: {}
[147.357154] (-) TimerEvent: {}
[147.458315] (-) TimerEvent: {}
[147.559183] (-) TimerEvent: {}
[147.660143] (-) TimerEvent: {}
[147.760971] (-) TimerEvent: {}
[147.862050] (-) TimerEvent: {}
[147.962900] (-) TimerEvent: {}
[148.064225] (-) TimerEvent: {}
[148.166072] (-) TimerEvent: {}
[148.266714] (-) TimerEvent: {}
[148.367768] (-) TimerEvent: {}
[148.468789] (-) TimerEvent: {}
[148.569428] (-) TimerEvent: {}
[148.670559] (-) TimerEvent: {}
[148.771368] (-) TimerEvent: {}
[148.872261] (-) TimerEvent: {}
[148.973144] (-) TimerEvent: {}
[149.073820] (-) TimerEvent: {}
[149.174366] (-) TimerEvent: {}
[149.275347] (-) TimerEvent: {}
[149.376370] (-) TimerEvent: {}
[149.477168] (-) TimerEvent: {}
[149.577884] (-) TimerEvent: {}
[149.679625] (-) TimerEvent: {}
[149.780661] (-) TimerEvent: {}
[149.881769] (-) TimerEvent: {}
[149.982592] (-) TimerEvent: {}
[150.083058] (-) TimerEvent: {}
[150.184056] (-) TimerEvent: {}
[150.285038] (-) TimerEvent: {}
[150.385845] (-) TimerEvent: {}
[150.487111] (-) TimerEvent: {}
[150.588148] (-) TimerEvent: {}
[150.689034] (-) TimerEvent: {}
[150.789690] (-) TimerEvent: {}
[150.890780] (-) TimerEvent: {}
[150.991717] (-) TimerEvent: {}
[151.092552] (-) TimerEvent: {}
[151.193372] (-) TimerEvent: {}
[151.294245] (-) TimerEvent: {}
[151.395261] (-) TimerEvent: {}
[151.496367] (-) TimerEvent: {}
[151.597239] (-) TimerEvent: {}
[151.697852] (-) TimerEvent: {}
[151.798596] (-) TimerEvent: {}
[151.899455] (-) TimerEvent: {}
[152.000079] (-) TimerEvent: {}
[152.100719] (-) TimerEvent: {}
[152.201377] (-) TimerEvent: {}
[152.302461] (-) TimerEvent: {}
[152.402910] (-) TimerEvent: {}
[152.503787] (-) TimerEvent: {}
[152.605003] (-) TimerEvent: {}
[152.706174] (-) TimerEvent: {}
[152.807195] (-) TimerEvent: {}
[152.908425] (-) TimerEvent: {}
[153.010345] (-) TimerEvent: {}
[153.111419] (-) TimerEvent: {}
[153.212579] (-) TimerEvent: {}
[153.313823] (-) TimerEvent: {}
[153.414695] (-) TimerEvent: {}
[153.515647] (-) TimerEvent: {}
[153.617780] (-) TimerEvent: {}
[153.718892] (-) TimerEvent: {}
[153.819359] (-) TimerEvent: {}
[153.920189] (-) TimerEvent: {}
[154.022021] (-) TimerEvent: {}
[154.123154] (-) TimerEvent: {}
[154.224223] (-) TimerEvent: {}
[154.325338] (-) TimerEvent: {}
[154.426799] (-) TimerEvent: {}
[154.529642] (-) TimerEvent: {}
[154.631859] (-) TimerEvent: {}
[154.733072] (-) TimerEvent: {}
[154.835019] (-) TimerEvent: {}
[154.936325] (-) TimerEvent: {}
[155.037454] (-) TimerEvent: {}
[155.138274] (-) TimerEvent: {}
[155.239107] (-) TimerEvent: {}
[155.340157] (-) TimerEvent: {}
[155.441158] (-) TimerEvent: {}
[155.541769] (-) TimerEvent: {}
[155.642938] (-) TimerEvent: {}
[155.743866] (-) TimerEvent: {}
[155.844916] (-) TimerEvent: {}
[155.945617] (-) TimerEvent: {}
[156.046587] (-) TimerEvent: {}
[156.148391] (-) TimerEvent: {}
[156.249118] (-) TimerEvent: {}
[156.349931] (-) TimerEvent: {}
[156.451251] (-) TimerEvent: {}
[156.553807] (-) TimerEvent: {}
[156.654838] (-) TimerEvent: {}
[156.755581] (-) TimerEvent: {}
[156.856621] (-) TimerEvent: {}
[156.957223] (-) TimerEvent: {}
[157.058228] (-) TimerEvent: {}
[157.159377] (-) TimerEvent: {}
[157.260417] (-) TimerEvent: {}
[157.362541] (-) TimerEvent: {}
[157.463485] (-) TimerEvent: {}
[157.564274] (-) TimerEvent: {}
[157.665157] (-) TimerEvent: {}
[157.765845] (-) TimerEvent: {}
[157.866456] (-) TimerEvent: {}
[157.967886] (-) TimerEvent: {}
[158.068651] (-) TimerEvent: {}
[158.169355] (-) TimerEvent: {}
[158.270234] (-) TimerEvent: {}
[158.370923] (-) TimerEvent: {}
[158.471732] (-) TimerEvent: {}
[158.572537] (-) TimerEvent: {}
[158.673366] (-) TimerEvent: {}
[158.774388] (-) TimerEvent: {}
[158.875137] (-) TimerEvent: {}
[158.976117] (-) TimerEvent: {}
[159.076863] (-) TimerEvent: {}
[159.177615] (-) TimerEvent: {}
[159.279037] (-) TimerEvent: {}
[159.379842] (-) TimerEvent: {}
[159.480782] (-) TimerEvent: {}
[159.581685] (-) TimerEvent: {}
[159.682366] (-) TimerEvent: {}
[159.783383] (-) TimerEvent: {}
[159.884198] (-) TimerEvent: {}
[159.985013] (-) TimerEvent: {}
[160.085782] (-) TimerEvent: {}
[160.186557] (-) TimerEvent: {}
[160.287148] (-) TimerEvent: {}
[160.387933] (-) TimerEvent: {}
[160.488721] (-) TimerEvent: {}
[160.589936] (-) TimerEvent: {}
[160.690846] (-) TimerEvent: {}
[160.791770] (-) TimerEvent: {}
[160.892777] (-) TimerEvent: {}
[160.996048] (-) TimerEvent: {}
[161.097413] (-) TimerEvent: {}
[161.198499] (-) TimerEvent: {}
[161.299167] (-) TimerEvent: {}
[161.399945] (-) TimerEvent: {}
[161.501058] (-) TimerEvent: {}
[161.601766] (-) TimerEvent: {}
[161.702743] (-) TimerEvent: {}
[161.803373] (-) TimerEvent: {}
[161.904582] (-) TimerEvent: {}
[162.005436] (-) TimerEvent: {}
[162.106549] (-) TimerEvent: {}
[162.207736] (-) TimerEvent: {}
[162.308923] (-) TimerEvent: {}
[162.409933] (-) TimerEvent: {}
[162.511113] (-) TimerEvent: {}
[162.612160] (-) TimerEvent: {}
[162.712949] (-) TimerEvent: {}
[162.814074] (-) TimerEvent: {}
[162.914973] (-) TimerEvent: {}
[163.016050] (-) TimerEvent: {}
[163.116861] (-) TimerEvent: {}
[163.217889] (-) TimerEvent: {}
[163.318922] (-) TimerEvent: {}
[163.419915] (-) TimerEvent: {}
[163.520972] (-) TimerEvent: {}
[163.621844] (-) TimerEvent: {}
[163.722567] (-) TimerEvent: {}
[163.823499] (-) TimerEvent: {}
[163.924158] (-) TimerEvent: {}
[164.025122] (-) TimerEvent: {}
[164.126007] (-) TimerEvent: {}
[164.227625] (-) TimerEvent: {}
[164.328501] (-) TimerEvent: {}
[164.429567] (-) TimerEvent: {}
[164.530309] (-) TimerEvent: {}
[164.630892] (-) TimerEvent: {}
[164.731974] (-) TimerEvent: {}
[164.832965] (-) TimerEvent: {}
[164.933762] (-) TimerEvent: {}
[165.036051] (-) TimerEvent: {}
[165.137281] (-) TimerEvent: {}
[165.237929] (-) TimerEvent: {}
[165.339078] (-) TimerEvent: {}
[165.440539] (-) TimerEvent: {}
[165.541675] (-) TimerEvent: {}
[165.642710] (-) TimerEvent: {}
[165.743735] (-) TimerEvent: {}
[165.845063] (-) TimerEvent: {}
[165.945947] (-) TimerEvent: {}
[166.047398] (-) TimerEvent: {}
[166.148342] (-) TimerEvent: {}
[166.249235] (-) TimerEvent: {}
[166.350079] (-) TimerEvent: {}
[166.450710] (-) TimerEvent: {}
[166.551469] (-) TimerEvent: {}
[166.652193] (-) TimerEvent: {}
[166.752884] (-) TimerEvent: {}
[166.853833] (-) TimerEvent: {}
[166.954937] (-) TimerEvent: {}
[167.055893] (-) TimerEvent: {}
[167.156803] (-) TimerEvent: {}
[167.257280] (-) TimerEvent: {}
[167.358211] (-) TimerEvent: {}
[167.459238] (-) TimerEvent: {}
[167.560024] (-) TimerEvent: {}
[167.660926] (-) TimerEvent: {}
[167.762354] (-) TimerEvent: {}
[167.863041] (-) TimerEvent: {}
[167.963859] (-) TimerEvent: {}
[168.064989] (-) TimerEvent: {}
[168.166050] (-) TimerEvent: {}
[168.267148] (-) TimerEvent: {}
[168.367803] (-) TimerEvent: {}
[168.468573] (-) TimerEvent: {}
[168.569576] (-) TimerEvent: {}
[168.670424] (-) TimerEvent: {}
[168.771492] (-) TimerEvent: {}
[168.872240] (-) TimerEvent: {}
[168.973016] (-) TimerEvent: {}
[169.073544] (-) TimerEvent: {}
[169.174260] (-) TimerEvent: {}
[169.275757] (-) TimerEvent: {}
[169.376376] (-) TimerEvent: {}
[169.477257] (-) TimerEvent: {}
[169.578164] (-) TimerEvent: {}
[169.679341] (-) TimerEvent: {}
[169.780266] (-) TimerEvent: {}
[169.880788] (-) TimerEvent: {}
[169.981884] (-) TimerEvent: {}
[170.082736] (-) TimerEvent: {}
[170.183473] (-) TimerEvent: {}
[170.284350] (-) TimerEvent: {}
[170.385410] (-) TimerEvent: {}
[170.485920] (-) TimerEvent: {}
[170.586719] (-) TimerEvent: {}
[170.687422] (-) TimerEvent: {}
[170.788205] (-) TimerEvent: {}
[170.888957] (-) TimerEvent: {}
[170.990067] (-) TimerEvent: {}
[171.090899] (-) TimerEvent: {}
[171.191982] (-) TimerEvent: {}
[171.292507] (-) TimerEvent: {}
[171.393598] (-) TimerEvent: {}
[171.494840] (-) TimerEvent: {}
[171.595592] (-) TimerEvent: {}
[171.696604] (-) TimerEvent: {}
[171.797652] (-) TimerEvent: {}
[171.899076] (-) TimerEvent: {}
[171.999815] (-) TimerEvent: {}
[172.100881] (-) TimerEvent: {}
[172.201586] (-) TimerEvent: {}
[172.303153] (-) TimerEvent: {}
[172.404054] (-) TimerEvent: {}
[172.504946] (-) TimerEvent: {}
[172.606059] (-) TimerEvent: {}
[172.707062] (-) TimerEvent: {}
[172.808076] (-) TimerEvent: {}
[172.909129] (-) TimerEvent: {}
[173.010086] (-) TimerEvent: {}
[173.111310] (-) TimerEvent: {}
[173.212040] (-) TimerEvent: {}
[173.313087] (-) TimerEvent: {}
[173.413764] (-) TimerEvent: {}
[173.514392] (-) TimerEvent: {}
[173.615235] (-) TimerEvent: {}
[173.716227] (-) TimerEvent: {}
[173.817346] (-) TimerEvent: {}
[173.918278] (-) TimerEvent: {}
[174.019332] (-) TimerEvent: {}
[174.119877] (-) TimerEvent: {}
[174.220543] (-) TimerEvent: {}
[174.321407] (-) TimerEvent: {}
[174.422180] (-) TimerEvent: {}
[174.523265] (-) TimerEvent: {}
[174.624182] (-) TimerEvent: {}
[174.725387] (-) TimerEvent: {}
[174.826151] (-) TimerEvent: {}
[174.927150] (-) TimerEvent: {}
[175.028204] (-) TimerEvent: {}
[175.129264] (-) TimerEvent: {}
[175.230572] (-) TimerEvent: {}
[175.331892] (-) TimerEvent: {}
[175.432985] (-) TimerEvent: {}
[175.534320] (-) TimerEvent: {}
[175.635116] (-) TimerEvent: {}
[175.735844] (-) TimerEvent: {}
[175.836864] (-) TimerEvent: {}
[175.937935] (-) TimerEvent: {}
[176.038877] (-) TimerEvent: {}
[176.139452] (-) TimerEvent: {}
[176.240455] (-) TimerEvent: {}
[176.341548] (-) TimerEvent: {}
[176.442471] (-) TimerEvent: {}
[176.543520] (-) TimerEvent: {}
[176.644060] (-) TimerEvent: {}
[176.745066] (-) TimerEvent: {}
[176.846211] (-) TimerEvent: {}
[176.947278] (-) TimerEvent: {}
[177.048066] (-) TimerEvent: {}
[177.149241] (-) TimerEvent: {}
[177.250459] (-) TimerEvent: {}
[177.351295] (-) TimerEvent: {}
[177.452299] (-) TimerEvent: {}
[177.553090] (-) TimerEvent: {}
[177.653813] (-) TimerEvent: {}
[177.754702] (-) TimerEvent: {}
[177.855579] (-) TimerEvent: {}
[177.956467] (-) TimerEvent: {}
[178.057445] (-) TimerEvent: {}
[178.158305] (-) TimerEvent: {}
[178.259148] (-) TimerEvent: {}
[178.360141] (-) TimerEvent: {}
[178.461242] (-) TimerEvent: {}
[178.562351] (-) TimerEvent: {}
[178.662992] (-) TimerEvent: {}
[178.763680] (-) TimerEvent: {}
[178.864611] (-) TimerEvent: {}
[178.965411] (-) TimerEvent: {}
[179.066343] (-) TimerEvent: {}
[179.166976] (-) TimerEvent: {}
[179.267687] (-) TimerEvent: {}
[179.368454] (-) TimerEvent: {}
[179.469389] (-) TimerEvent: {}
[179.570070] (-) TimerEvent: {}
[179.671187] (-) TimerEvent: {}
[179.771962] (-) TimerEvent: {}
[179.873098] (-) TimerEvent: {}
[179.973663] (-) TimerEvent: {}
[180.074775] (-) TimerEvent: {}
[180.175289] (-) TimerEvent: {}
[180.276011] (-) TimerEvent: {}
[180.377163] (-) TimerEvent: {}
[180.478280] (-) TimerEvent: {}
[180.579060] (-) TimerEvent: {}
[180.679839] (-) TimerEvent: {}
[180.780793] (-) TimerEvent: {}
[180.881477] (-) TimerEvent: {}
[180.982242] (-) TimerEvent: {}
[181.082926] (-) TimerEvent: {}
[181.184144] (-) TimerEvent: {}
[181.284927] (-) TimerEvent: {}
[181.386141] (-) TimerEvent: {}
[181.486902] (-) TimerEvent: {}
[181.587995] (-) TimerEvent: {}
[181.689014] (-) TimerEvent: {}
[181.789978] (-) TimerEvent: {}
[181.890737] (-) TimerEvent: {}
[181.991688] (-) TimerEvent: {}
[182.092623] (-) TimerEvent: {}
[182.193706] (-) TimerEvent: {}
[182.294405] (-) TimerEvent: {}
[182.395341] (-) TimerEvent: {}
[182.496126] (-) TimerEvent: {}
[182.597235] (-) TimerEvent: {}
[182.697957] (-) TimerEvent: {}
[182.798770] (-) TimerEvent: {}
[182.899798] (-) TimerEvent: {}
[183.000706] (-) TimerEvent: {}
[183.101840] (-) TimerEvent: {}
[183.202799] (-) TimerEvent: {}
[183.303879] (-) TimerEvent: {}
[183.404584] (-) TimerEvent: {}
[183.505469] (-) TimerEvent: {}
[183.606057] (-) TimerEvent: {}
[183.706751] (-) TimerEvent: {}
[183.807266] (-) TimerEvent: {}
[183.908371] (-) TimerEvent: {}
[184.009274] (-) TimerEvent: {}
[184.110081] (-) TimerEvent: {}
[184.211508] (-) TimerEvent: {}
[184.313764] (-) TimerEvent: {}
[184.415014] (-) TimerEvent: {}
[184.516550] (-) TimerEvent: {}
[184.617599] (-) TimerEvent: {}
[184.718422] (-) TimerEvent: {}
[184.819259] (-) TimerEvent: {}
[184.919877] (-) TimerEvent: {}
[185.021058] (-) TimerEvent: {}
[185.122120] (-) TimerEvent: {}
[185.222760] (-) TimerEvent: {}
[185.323370] (-) TimerEvent: {}
[185.424394] (-) TimerEvent: {}
[185.525240] (-) TimerEvent: {}
[185.626180] (-) TimerEvent: {}
[185.726913] (-) TimerEvent: {}
[185.828244] (-) TimerEvent: {}
[185.929211] (-) TimerEvent: {}
[186.030306] (-) TimerEvent: {}
[186.131036] (-) TimerEvent: {}
[186.231820] (-) TimerEvent: {}
[186.332573] (-) TimerEvent: {}
[186.433441] (-) TimerEvent: {}
[186.534554] (-) TimerEvent: {}
[186.635430] (-) TimerEvent: {}
[186.736463] (-) TimerEvent: {}
[186.837448] (-) TimerEvent: {}
[186.938455] (-) TimerEvent: {}
[187.039297] (-) TimerEvent: {}
[187.140084] (-) TimerEvent: {}
[187.241221] (-) TimerEvent: {}
[187.341876] (-) TimerEvent: {}
[187.442508] (-) TimerEvent: {}
[187.543714] (-) TimerEvent: {}
[187.644770] (-) TimerEvent: {}
[187.745626] (-) TimerEvent: {}
[187.846664] (-) TimerEvent: {}
[187.947308] (-) TimerEvent: {}
[188.048014] (-) TimerEvent: {}
[188.148777] (-) TimerEvent: {}
[188.249953] (-) TimerEvent: {}
[188.351046] (-) TimerEvent: {}
[188.451699] (-) TimerEvent: {}
[188.552633] (-) TimerEvent: {}
[188.653652] (-) TimerEvent: {}
[188.754454] (-) TimerEvent: {}
[188.855272] (-) TimerEvent: {}
[188.955718] (-) TimerEvent: {}
[189.056520] (-) TimerEvent: {}
[189.157614] (-) TimerEvent: {}
[189.258452] (-) TimerEvent: {}
[189.359463] (-) TimerEvent: {}
[189.460296] (-) TimerEvent: {}
[189.561059] (-) TimerEvent: {}
[189.661817] (-) TimerEvent: {}
[189.762505] (-) TimerEvent: {}
[189.863529] (-) TimerEvent: {}
[189.964324] (-) TimerEvent: {}
[190.065186] (-) TimerEvent: {}
[190.166067] (-) TimerEvent: {}
[190.266814] (-) TimerEvent: {}
[190.367883] (-) TimerEvent: {}
[190.469589] (-) TimerEvent: {}
[190.570722] (-) TimerEvent: {}
[190.671315] (-) TimerEvent: {}
[190.771717] (-) TimerEvent: {}
[190.872152] (-) TimerEvent: {}
[190.972723] (-) TimerEvent: {}
[191.073775] (-) TimerEvent: {}
[191.174875] (-) TimerEvent: {}
[191.275922] (-) TimerEvent: {}
[191.376501] (-) TimerEvent: {}
[191.477194] (-) TimerEvent: {}
[191.578146] (-) TimerEvent: {}
[191.678851] (-) TimerEvent: {}
[191.779911] (-) TimerEvent: {}
[191.881171] (-) TimerEvent: {}
[191.982335] (-) TimerEvent: {}
[192.083556] (-) TimerEvent: {}
[192.184436] (-) TimerEvent: {}
[192.285128] (-) TimerEvent: {}
[192.385908] (-) TimerEvent: {}
[192.487581] (-) TimerEvent: {}
[192.589446] (-) TimerEvent: {}
[192.690802] (-) TimerEvent: {}
[192.791569] (-) TimerEvent: {}
[192.892357] (-) TimerEvent: {}
[192.992948] (-) TimerEvent: {}
[193.094392] (-) TimerEvent: {}
[193.195397] (-) TimerEvent: {}
[193.295983] (-) TimerEvent: {}
[193.396899] (-) TimerEvent: {}
[193.497860] (-) TimerEvent: {}
[193.598843] (-) TimerEvent: {}
[193.699891] (-) TimerEvent: {}
[193.801090] (-) TimerEvent: {}
[193.901770] (-) TimerEvent: {}
[194.002530] (-) TimerEvent: {}
[194.103361] (-) TimerEvent: {}
[194.203750] (-) TimerEvent: {}
[194.304625] (-) TimerEvent: {}
[194.405705] (-) TimerEvent: {}
[194.506529] (-) TimerEvent: {}
[194.607479] (-) TimerEvent: {}
[194.708277] (-) TimerEvent: {}
[194.808814] (-) TimerEvent: {}
[194.910173] (-) TimerEvent: {}
[195.010890] (-) TimerEvent: {}
[195.111882] (-) TimerEvent: {}
[195.212738] (-) TimerEvent: {}
[195.313692] (-) TimerEvent: {}
[195.414534] (-) TimerEvent: {}
[195.515435] (-) TimerEvent: {}
[195.616199] (-) TimerEvent: {}
[195.716732] (-) TimerEvent: {}
[195.817608] (-) TimerEvent: {}
[195.918436] (-) TimerEvent: {}
[196.019267] (-) TimerEvent: {}
[196.120310] (-) TimerEvent: {}
[196.221402] (-) TimerEvent: {}
[196.322181] (-) TimerEvent: {}
[196.422800] (-) TimerEvent: {}
[196.523811] (-) TimerEvent: {}
[196.624771] (-) TimerEvent: {}
[196.725480] (-) TimerEvent: {}
[196.826533] (-) TimerEvent: {}
[196.927288] (-) TimerEvent: {}
[197.028205] (-) TimerEvent: {}
[197.129122] (-) TimerEvent: {}
[197.229878] (-) TimerEvent: {}
[197.330585] (-) TimerEvent: {}
[197.431623] (-) TimerEvent: {}
[197.532367] (-) TimerEvent: {}
[197.633159] (-) TimerEvent: {}
[197.733790] (-) TimerEvent: {}
[197.834593] (-) TimerEvent: {}
[197.935706] (-) TimerEvent: {}
[198.036496] (-) TimerEvent: {}
[198.138206] (-) TimerEvent: {}
[198.239124] (-) TimerEvent: {}
[198.340142] (-) TimerEvent: {}
[198.441026] (-) TimerEvent: {}
[198.542098] (-) TimerEvent: {}
[198.642980] (-) TimerEvent: {}
[198.743698] (-) TimerEvent: {}
[198.844649] (-) TimerEvent: {}
[198.945504] (-) TimerEvent: {}
[199.046376] (-) TimerEvent: {}
[199.147119] (-) TimerEvent: {}
[199.247824] (-) TimerEvent: {}
[199.348903] (-) TimerEvent: {}
[199.449377] (-) TimerEvent: {}
[199.550112] (-) TimerEvent: {}
[199.650810] (-) TimerEvent: {}
[199.752137] (-) TimerEvent: {}
[199.852833] (-) TimerEvent: {}
[199.953779] (-) TimerEvent: {}
[200.055054] (-) TimerEvent: {}
[200.155732] (-) TimerEvent: {}
[200.256722] (-) TimerEvent: {}
[200.357421] (-) TimerEvent: {}
[200.458335] (-) TimerEvent: {}
[200.559196] (-) TimerEvent: {}
[200.659907] (-) TimerEvent: {}
[200.761022] (-) TimerEvent: {}
[200.862197] (-) TimerEvent: {}
[200.963011] (-) TimerEvent: {}
[201.064323] (-) TimerEvent: {}
[201.165253] (-) TimerEvent: {}
[201.266045] (-) TimerEvent: {}
[201.367193] (-) TimerEvent: {}
[201.468262] (-) TimerEvent: {}
[201.569437] (-) TimerEvent: {}
[201.670165] (-) TimerEvent: {}
[201.771103] (-) TimerEvent: {}
[201.872201] (-) TimerEvent: {}
[201.973254] (-) TimerEvent: {}
[202.074235] (-) TimerEvent: {}
[202.175076] (-) TimerEvent: {}
[202.277354] (-) TimerEvent: {}
[202.378465] (-) TimerEvent: {}
[202.479522] (-) TimerEvent: {}
[202.580431] (-) TimerEvent: {}
[202.681544] (-) TimerEvent: {}
[202.782756] (-) TimerEvent: {}
[202.883921] (-) TimerEvent: {}
[202.985041] (-) TimerEvent: {}
[203.085998] (-) TimerEvent: {}
[203.187103] (-) TimerEvent: {}
[203.287836] (-) TimerEvent: {}
[203.389634] (-) TimerEvent: {}
[203.490707] (-) TimerEvent: {}
[203.592095] (-) TimerEvent: {}
[203.693244] (-) TimerEvent: {}
[203.795257] (-) TimerEvent: {}
[203.896076] (-) TimerEvent: {}
[203.997386] (-) TimerEvent: {}
[204.098445] (-) TimerEvent: {}
[204.200308] (-) TimerEvent: {}
[204.301067] (-) TimerEvent: {}
[204.402116] (-) TimerEvent: {}
[204.502882] (-) TimerEvent: {}
[204.603759] (-) TimerEvent: {}
[204.705123] (-) TimerEvent: {}
[204.806076] (-) TimerEvent: {}
[204.907140] (-) TimerEvent: {}
[205.008240] (-) TimerEvent: {}
[205.109398] (-) TimerEvent: {}
[205.210623] (-) TimerEvent: {}
[205.312015] (-) TimerEvent: {}
[205.412765] (-) TimerEvent: {}
[205.514298] (-) TimerEvent: {}
[205.615380] (-) TimerEvent: {}
[205.716430] (-) TimerEvent: {}
[205.817439] (-) TimerEvent: {}
[205.918528] (-) TimerEvent: {}
[206.019496] (-) TimerEvent: {}
[206.120610] (-) TimerEvent: {}
[206.222128] (-) TimerEvent: {}
[206.323000] (-) TimerEvent: {}
[206.424150] (-) TimerEvent: {}
[206.525103] (-) TimerEvent: {}
[206.626242] (-) TimerEvent: {}
[206.727252] (-) TimerEvent: {}
[206.828305] (-) TimerEvent: {}
[206.929202] (-) TimerEvent: {}
[207.030145] (-) TimerEvent: {}
[207.130675] (-) TimerEvent: {}
[207.231416] (-) TimerEvent: {}
[207.332469] (-) TimerEvent: {}
[207.433131] (-) TimerEvent: {}
[207.533808] (-) TimerEvent: {}
[207.634612] (-) TimerEvent: {}
[207.735600] (-) TimerEvent: {}
[207.836368] (-) TimerEvent: {}
[207.936965] (-) TimerEvent: {}
[208.037813] (-) TimerEvent: {}
[208.138639] (-) TimerEvent: {}
[208.239586] (-) TimerEvent: {}
[208.340245] (-) TimerEvent: {}
[208.441076] (-) TimerEvent: {}
[208.541701] (-) TimerEvent: {}
[208.642645] (-) TimerEvent: {}
[208.743919] (-) TimerEvent: {}
[208.845029] (-) TimerEvent: {}
[208.945724] (-) TimerEvent: {}
[209.046584] (-) TimerEvent: {}
[209.147166] (-) TimerEvent: {}
[209.247945] (-) TimerEvent: {}
[209.348663] (-) TimerEvent: {}
[209.449208] (-) TimerEvent: {}
[209.550181] (-) TimerEvent: {}
[209.651036] (-) TimerEvent: {}
[209.751755] (-) TimerEvent: {}
[209.852570] (-) TimerEvent: {}
[209.953357] (-) TimerEvent: {}
[210.054390] (-) TimerEvent: {}
[210.155389] (-) TimerEvent: {}
[210.255904] (-) TimerEvent: {}
[210.356811] (-) TimerEvent: {}
[210.457912] (-) TimerEvent: {}
[210.558598] (-) TimerEvent: {}
[210.659627] (-) TimerEvent: {}
[210.760482] (-) TimerEvent: {}
[210.861418] (-) TimerEvent: {}
[210.961946] (-) TimerEvent: {}
[211.063198] (-) TimerEvent: {}
[211.164339] (-) TimerEvent: {}
[211.265122] (-) TimerEvent: {}
[211.365869] (-) TimerEvent: {}
[211.466667] (-) TimerEvent: {}
[211.567678] (-) TimerEvent: {}
[211.668761] (-) TimerEvent: {}
[211.769616] (-) TimerEvent: {}
[211.870471] (-) TimerEvent: {}
[211.971664] (-) TimerEvent: {}
[212.072423] (-) TimerEvent: {}
[212.173053] (-) TimerEvent: {}
[212.273665] (-) TimerEvent: {}
[212.374444] (-) TimerEvent: {}
[212.475109] (-) TimerEvent: {}
[212.576068] (-) TimerEvent: {}
[212.677150] (-) TimerEvent: {}
[212.778085] (-) TimerEvent: {}
[212.879054] (-) TimerEvent: {}
[212.980171] (-) TimerEvent: {}
[213.081451] (-) TimerEvent: {}
[213.182656] (-) TimerEvent: {}
[213.283618] (-) TimerEvent: {}
[213.384716] (-) TimerEvent: {}
[213.486152] (-) TimerEvent: {}
[213.587320] (-) TimerEvent: {}
[213.688300] (-) TimerEvent: {}
[213.789127] (-) TimerEvent: {}
[213.890130] (-) TimerEvent: {}
[213.991724] (-) TimerEvent: {}
[214.093130] (-) TimerEvent: {}
[214.194536] (-) TimerEvent: {}
[214.295311] (-) TimerEvent: {}
[214.396434] (-) TimerEvent: {}
[214.497438] (-) TimerEvent: {}
[214.598555] (-) TimerEvent: {}
[214.699187] (-) TimerEvent: {}
[214.800132] (-) TimerEvent: {}
[214.901337] (-) TimerEvent: {}
[215.002710] (-) TimerEvent: {}
[215.103605] (-) TimerEvent: {}
[215.204836] (-) TimerEvent: {}
[215.306031] (-) TimerEvent: {}
[215.407105] (-) TimerEvent: {}
[215.508058] (-) TimerEvent: {}
[215.609219] (-) TimerEvent: {}
[215.710559] (-) TimerEvent: {}
[215.811551] (-) TimerEvent: {}
[215.912383] (-) TimerEvent: {}
[216.016033] (-) TimerEvent: {}
[216.117286] (-) TimerEvent: {}
[216.218085] (-) TimerEvent: {}
[216.319824] (-) TimerEvent: {}
[216.421178] (-) TimerEvent: {}
[216.522488] (-) TimerEvent: {}
[216.624808] (-) TimerEvent: {}
[216.725586] (-) TimerEvent: {}
[216.827128] (-) TimerEvent: {}
[216.929263] (-) TimerEvent: {}
[217.030440] (-) TimerEvent: {}
[217.131458] (-) TimerEvent: {}
[217.232544] (-) TimerEvent: {}
[217.333426] (-) TimerEvent: {}
[217.434280] (-) TimerEvent: {}
[217.535067] (-) TimerEvent: {}
[217.636024] (-) TimerEvent: {}
[217.736683] (-) TimerEvent: {}
[217.837542] (-) TimerEvent: {}
[217.938592] (-) TimerEvent: {}
[218.039605] (-) TimerEvent: {}
[218.140618] (-) TimerEvent: {}
[218.241677] (-) TimerEvent: {}
[218.342865] (-) TimerEvent: {}
[218.443954] (-) TimerEvent: {}
[218.544785] (-) TimerEvent: {}
[218.645413] (-) TimerEvent: {}
[218.746210] (-) TimerEvent: {}
[218.847185] (-) TimerEvent: {}
[218.947808] (-) TimerEvent: {}
[219.048997] (-) TimerEvent: {}
[219.149810] (-) TimerEvent: {}
[219.250533] (-) TimerEvent: {}
[219.351397] (-) TimerEvent: {}
[219.452210] (-) TimerEvent: {}
[219.553346] (-) TimerEvent: {}
[219.654547] (-) TimerEvent: {}
[219.755485] (-) TimerEvent: {}
[219.856590] (-) TimerEvent: {}
[219.957523] (-) TimerEvent: {}
[220.058439] (-) TimerEvent: {}
[220.159464] (-) TimerEvent: {}
[220.260406] (-) TimerEvent: {}
[220.361061] (-) TimerEvent: {}
[220.462137] (-) TimerEvent: {}
[220.562836] (-) TimerEvent: {}
[220.663927] (-) TimerEvent: {}
[220.764923] (-) TimerEvent: {}
[220.866039] (-) TimerEvent: {}
[220.966605] (-) TimerEvent: {}
[221.067616] (-) TimerEvent: {}
[221.168497] (-) TimerEvent: {}
[221.269442] (-) TimerEvent: {}
[221.370218] (-) TimerEvent: {}
[221.470833] (-) TimerEvent: {}
[221.571944] (-) TimerEvent: {}
[221.672823] (-) TimerEvent: {}
[221.773742] (-) TimerEvent: {}
[221.874342] (-) TimerEvent: {}
[221.975200] (-) TimerEvent: {}
[222.076096] (-) TimerEvent: {}
[222.177168] (-) TimerEvent: {}
[222.278128] (-) TimerEvent: {}
[222.379430] (-) TimerEvent: {}
[222.480670] (-) TimerEvent: {}
[222.582014] (-) TimerEvent: {}
[222.683213] (-) TimerEvent: {}
[222.784017] (-) TimerEvent: {}
[222.884875] (-) TimerEvent: {}
[222.985478] (-) TimerEvent: {}
[223.086530] (-) TimerEvent: {}
[223.187355] (-) TimerEvent: {}
[223.288322] (-) TimerEvent: {}
[223.389181] (-) TimerEvent: {}
[223.489881] (-) TimerEvent: {}
[223.590698] (-) TimerEvent: {}
[223.691539] (-) TimerEvent: {}
[223.792363] (-) TimerEvent: {}
[223.893069] (-) TimerEvent: {}
[223.993864] (-) TimerEvent: {}
[224.095152] (-) TimerEvent: {}
[224.195748] (-) TimerEvent: {}
[224.296703] (-) TimerEvent: {}
[224.398678] (-) TimerEvent: {}
[224.499876] (-) TimerEvent: {}
[224.600726] (-) TimerEvent: {}
[224.701637] (-) TimerEvent: {}
[224.802654] (-) TimerEvent: {}
[224.904499] (-) TimerEvent: {}
[225.005371] (-) TimerEvent: {}
[225.106039] (-) TimerEvent: {}
[225.206954] (-) TimerEvent: {}
[225.307822] (-) TimerEvent: {}
[225.408830] (-) TimerEvent: {}
[225.509717] (-) TimerEvent: {}
[225.610432] (-) TimerEvent: {}
[225.711198] (-) TimerEvent: {}
[225.811796] (-) TimerEvent: {}
[225.912898] (-) TimerEvent: {}
[226.014040] (-) TimerEvent: {}
[226.115153] (-) TimerEvent: {}
[226.215928] (-) TimerEvent: {}
[226.316617] (-) TimerEvent: {}
[226.417418] (-) TimerEvent: {}
[226.518332] (-) TimerEvent: {}
[226.619099] (-) TimerEvent: {}
[226.720352] (-) TimerEvent: {}
[226.820942] (-) TimerEvent: {}
[226.921980] (-) TimerEvent: {}
[227.022949] (-) TimerEvent: {}
[227.124205] (-) TimerEvent: {}
[227.225210] (-) TimerEvent: {}
[227.325942] (-) TimerEvent: {}
[227.427675] (-) TimerEvent: {}
[227.528436] (-) TimerEvent: {}
[227.629617] (-) TimerEvent: {}
[227.730232] (-) TimerEvent: {}
[227.831029] (-) TimerEvent: {}
[227.932514] (-) TimerEvent: {}
[228.033681] (-) TimerEvent: {}
[228.134651] (-) TimerEvent: {}
[228.235688] (-) TimerEvent: {}
[228.336929] (-) TimerEvent: {}
[228.437941] (-) TimerEvent: {}
[228.539039] (-) TimerEvent: {}
[228.639670] (-) TimerEvent: {}
[228.740822] (-) TimerEvent: {}
[228.841953] (-) TimerEvent: {}
[228.942853] (-) TimerEvent: {}
[229.043709] (-) TimerEvent: {}
[229.144827] (-) TimerEvent: {}
[229.246482] (-) TimerEvent: {}
[229.348377] (-) TimerEvent: {}
[229.450040] (-) TimerEvent: {}
[229.551120] (-) TimerEvent: {}
[229.651921] (-) TimerEvent: {}
[229.752665] (-) TimerEvent: {}
[229.853779] (-) TimerEvent: {}
[229.954695] (-) TimerEvent: {}
[230.055667] (-) TimerEvent: {}
[230.156436] (-) TimerEvent: {}
[230.257295] (-) TimerEvent: {}
[230.358013] (-) TimerEvent: {}
[230.459223] (-) TimerEvent: {}
[230.560458] (-) TimerEvent: {}
[230.661375] (-) TimerEvent: {}
[230.762781] (-) TimerEvent: {}
[230.863579] (-) TimerEvent: {}
[230.965752] (-) TimerEvent: {}
[231.066641] (-) TimerEvent: {}
[231.167816] (-) TimerEvent: {}
[231.268649] (-) TimerEvent: {}
[231.369681] (-) TimerEvent: {}
[231.470444] (-) TimerEvent: {}
[231.571373] (-) TimerEvent: {}
[231.672478] (-) TimerEvent: {}
[231.774520] (-) TimerEvent: {}
[231.875398] (-) TimerEvent: {}
[231.976384] (-) TimerEvent: {}
[232.077396] (-) TimerEvent: {}
[232.178694] (-) TimerEvent: {}
[232.279941] (-) TimerEvent: {}
[232.381203] (-) TimerEvent: {}
[232.483409] (-) TimerEvent: {}
[232.584179] (-) TimerEvent: {}
[232.685642] (-) TimerEvent: {}
[232.787128] (-) TimerEvent: {}
[232.889739] (-) TimerEvent: {}
[232.991264] (-) TimerEvent: {}
[233.092265] (-) TimerEvent: {}
[233.193179] (-) TimerEvent: {}
[233.294261] (-) TimerEvent: {}
[233.395181] (-) TimerEvent: {}
[233.496094] (-) TimerEvent: {}
[233.597168] (-) TimerEvent: {}
[233.698176] (-) TimerEvent: {}
[233.799347] (-) TimerEvent: {}
[233.899889] (-) TimerEvent: {}
[234.000818] (-) TimerEvent: {}
[234.101686] (-) TimerEvent: {}
[234.203532] (-) TimerEvent: {}
[234.304702] (-) TimerEvent: {}
[234.405770] (-) TimerEvent: {}
[234.507153] (-) TimerEvent: {}
[234.608468] (-) TimerEvent: {}
[234.710523] (-) TimerEvent: {}
[234.813449] (-) TimerEvent: {}
[234.915236] (-) TimerEvent: {}
[235.016618] (-) TimerEvent: {}
[235.118125] (-) TimerEvent: {}
[235.219204] (-) TimerEvent: {}
[235.320611] (-) TimerEvent: {}
[235.422152] (-) TimerEvent: {}
[235.524212] (-) TimerEvent: {}
[235.625813] (-) TimerEvent: {}
[235.728105] (-) TimerEvent: {}
[235.829121] (-) TimerEvent: {}
[235.930404] (-) TimerEvent: {}
[236.031472] (-) TimerEvent: {}
[236.132747] (-) TimerEvent: {}
[236.234188] (-) TimerEvent: {}
[236.335325] (-) TimerEvent: {}
[236.436515] (-) TimerEvent: {}
[236.537897] (-) TimerEvent: {}
[236.639601] (-) TimerEvent: {}
[236.741355] (-) TimerEvent: {}
[236.842751] (-) TimerEvent: {}
[236.944230] (-) TimerEvent: {}
[237.045771] (-) TimerEvent: {}
[237.147487] (-) TimerEvent: {}
[237.248788] (-) TimerEvent: {}
[237.351712] (-) TimerEvent: {}
[237.452728] (-) TimerEvent: {}
[237.554343] (-) TimerEvent: {}
[237.655568] (-) TimerEvent: {}
[237.756576] (-) TimerEvent: {}
[237.857570] (-) TimerEvent: {}
[237.958550] (-) TimerEvent: {}
[238.059446] (-) TimerEvent: {}
[238.160762] (-) TimerEvent: {}
[238.261698] (-) TimerEvent: {}
[238.362213] (-) TimerEvent: {}
[238.462794] (-) TimerEvent: {}
[238.565783] (-) TimerEvent: {}
[238.667164] (-) TimerEvent: {}
[238.768249] (-) TimerEvent: {}
[238.869581] (-) TimerEvent: {}
[238.971055] (-) TimerEvent: {}
[239.072512] (-) TimerEvent: {}
[239.173623] (-) TimerEvent: {}
[239.274767] (-) TimerEvent: {}
[239.375810] (-) TimerEvent: {}
[239.477325] (-) TimerEvent: {}
[239.579324] (-) TimerEvent: {}
[239.680088] (-) TimerEvent: {}
[239.780990] (-) TimerEvent: {}
[239.881892] (-) TimerEvent: {}
[239.982686] (-) TimerEvent: {}
[240.083798] (-) TimerEvent: {}
[240.185066] (-) TimerEvent: {}
[240.285756] (-) TimerEvent: {}
[240.386948] (-) TimerEvent: {}
[240.488061] (-) TimerEvent: {}
[240.588517] (-) TimerEvent: {}
[240.689826] (-) TimerEvent: {}
[240.790992] (-) TimerEvent: {}
[240.892345] (-) TimerEvent: {}
[240.994445] (-) TimerEvent: {}
[241.096449] (-) TimerEvent: {}
[241.197315] (-) TimerEvent: {}
[241.298454] (-) TimerEvent: {}
[241.399913] (-) TimerEvent: {}
[241.500920] (-) TimerEvent: {}
[241.602098] (-) TimerEvent: {}
[241.702927] (-) TimerEvent: {}
[241.803614] (-) TimerEvent: {}
[241.906346] (-) TimerEvent: {}
[242.007379] (-) TimerEvent: {}
[242.108020] (-) TimerEvent: {}
[242.209204] (-) TimerEvent: {}
[242.310231] (-) TimerEvent: {}
[242.412512] (-) TimerEvent: {}
[242.515723] (-) TimerEvent: {}
[242.616468] (-) TimerEvent: {}
[242.695276] (z1_hardware_interface) StdoutLine: {'line': b'-- Configuring done\n'}
[242.717140] (-) TimerEvent: {}
[242.735306] (z1_hardware_interface) StdoutLine: {'line': b'-- Generating done\n'}
[242.749081] (z1_hardware_interface) StdoutLine: {'line': b'-- Build files have been written to: /home/wangkun/z1_ros2_ws/build/z1_hardware_interface\n'}
[242.781271] (z1_hardware_interface) CommandEnded: {'returncode': 0}
[242.784112] (z1_hardware_interface) JobProgress: {'identifier': 'z1_hardware_interface', 'progress': 'build'}
[242.784177] (z1_hardware_interface) Command: {'cmd': ['/usr/bin/cmake', '--build', '/home/wangkun/z1_ros2_ws/build/z1_hardware_interface', '--', '-j2', '-l2'], 'cwd': '/home/wangkun/z1_ros2_ws/build/z1_hardware_interface', 'env': OrderedDict([('LESSOPEN', '| /usr/bin/lesspipe %s'), ('LANGUAGE', 'zh_CN:en_US:en'), ('USER', 'wangkun'), ('LC_TIME', 'zh_CN.UTF-8'), ('XDG_SESSION_TYPE', 'x11'), ('SHLVL', '1'), ('LD_LIBRARY_PATH', '/opt/ros/humble/opt/rviz_ogre_vendor/lib:/opt/ros/humble/lib/x86_64-linux-gnu:/opt/ros/humble/lib'), ('HOME', '/home/wangkun'), ('OLDPWD', '/home/wangkun/z1_ros2_ws/src'), ('DESKTOP_SESSION', 'ubuntu'), ('NVM_BIN', '/home/wangkun/.nvm/versions/node/v22.23.2/bin'), ('NVM_INC', '/home/wangkun/.nvm/versions/node/v22.23.2/include/node'), ('ROS_PYTHON_VERSION', '3'), ('GNOME_SHELL_SESSION_MODE', 'ubuntu'), ('GTK_MODULES', 'gail:atk-bridge'), ('LC_MONETARY', 'zh_CN.UTF-8'), ('MANAGERPID', '1116'), ('SYSTEMD_EXEC_PID', '1639'), ('DBUS_SESSION_BUS_ADDRESS', 'unix:path=/run/user/1000/bus'), ('COLORTERM', 'truecolor'), ('GIO_LAUNCHED_DESKTOP_FILE_PID', '2990'), ('NVM_DIR', '/home/wangkun/.nvm'), ('IM_CONFIG_PHASE', '1'), ('ROS_DISTRO', 'humble'), ('GTK_IM_MODULE', 'fcitx'), ('LOGNAME', 'wangkun'), ('JOURNAL_STREAM', '8:22053'), ('_', '/usr/bin/colcon'), ('ROS_VERSION', '2'), ('XDG_SESSION_CLASS', 'user'), ('USERNAME', 'wangkun'), ('TERM', 'xterm-256color'), ('GNOME_DESKTOP_SESSION_ID', 'this-is-deprecated'), ('ROS_LOCALHOST_ONLY', '0'), ('WINDOWPATH', '2'), ('PATH', '/home/wangkun/.nvm/versions/node/v22.23.2/bin:/opt/ros/humble/bin:/usr/local/sbin:/usr/local/bin:/usr/sbin:/usr/bin:/sbin:/bin:/usr/games:/usr/local/games:/snap/bin:/snap/bin'), ('SESSION_MANAGER', 'local/wangkun-virtual-machine:@/tmp/.ICE-unix/1397,unix/wangkun-virtual-machine:/tmp/.ICE-unix/1397'), ('INVOCATION_ID', '5fcec56be8f64feb8e4f999f251ebfb8'), ('PAPERSIZE', 'a4'), ('XDG_MENU_PREFIX', 'gnome-'), ('LC_ADDRESS', 'zh_CN.UTF-8'), ('XDG_RUNTIME_DIR', '/run/user/1000'), ('DISPLAY', ':0'), ('LANG', 'zh_CN.UTF-8'), ('XDG_CURRENT_DESKTOP', 'ubuntu:GNOME'), ('LC_TELEPHONE', 'zh_CN.UTF-8'), ('TILIX_ID', 'd4e4dedd-2900-4e6a-b355-84d5a569ff96'), ('XMODIFIERS', '@im=fcitx'), ('XDG_SESSION_DESKTOP', 'ubuntu'), ('XAUTHORITY', '/run/user/1000/gdm/Xauthority'), ('LS_COLORS', 'rs=0:di=01;34:ln=01;36:mh=00:pi=40;33:so=01;35:do=01;35:bd=40;33;01:cd=40;33;01:or=40;31;01:mi=00:su=37;41:sg=30;43:ca=30;41:tw=30;42:ow=34;42:st=37;44:ex=01;32:*.tar=01;31:*.tgz=01;31:*.arc=01;31:*.arj=01;31:*.taz=01;31:*.lha=01;31:*.lz4=01;31:*.lzh=01;31:*.lzma=01;31:*.tlz=01;31:*.txz=01;31:*.tzo=01;31:*.t7z=01;31:*.zip=01;31:*.z=01;31:*.dz=01;31:*.gz=01;31:*.lrz=01;31:*.lz=01;31:*.lzo=01;31:*.xz=01;31:*.zst=01;31:*.tzst=01;31:*.bz2=01;31:*.bz=01;31:*.tbz=01;31:*.tbz2=01;31:*.tz=01;31:*.deb=01;31:*.rpm=01;31:*.jar=01;31:*.war=01;31:*.ear=01;31:*.sar=01;31:*.rar=01;31:*.alz=01;31:*.ace=01;31:*.zoo=01;31:*.cpio=01;31:*.7z=01;31:*.rz=01;31:*.cab=01;31:*.wim=01;31:*.swm=01;31:*.dwm=01;31:*.esd=01;31:*.jpg=01;35:*.jpeg=01;35:*.mjpg=01;35:*.mjpeg=01;35:*.gif=01;35:*.bmp=01;35:*.pbm=01;35:*.pgm=01;35:*.ppm=01;35:*.tga=01;35:*.xbm=01;35:*.xpm=01;35:*.tif=01;35:*.tiff=01;35:*.png=01;35:*.svg=01;35:*.svgz=01;35:*.mng=01;35:*.pcx=01;35:*.mov=01;35:*.mpg=01;35:*.mpeg=01;35:*.m2v=01;35:*.mkv=01;35:*.webm=01;35:*.webp=01;35:*.ogm=01;35:*.mp4=01;35:*.m4v=01;35:*.mp4v=01;35:*.vob=01;35:*.qt=01;35:*.nuv=01;35:*.wmv=01;35:*.asf=01;35:*.rm=01;35:*.rmvb=01;35:*.flc=01;35:*.avi=01;35:*.fli=01;35:*.flv=01;35:*.gl=01;35:*.dl=01;35:*.xcf=01;35:*.xwd=01;35:*.yuv=01;35:*.cgm=01;35:*.emf=01;35:*.ogv=01;35:*.ogx=01;35:*.aac=00;36:*.au=00;36:*.flac=00;36:*.m4a=00;36:*.mid=00;36:*.midi=00;36:*.mka=00;36:*.mp3=00;36:*.mpc=00;36:*.ogg=00;36:*.ra=00;36:*.wav=00;36:*.oga=00;36:*.opus=00;36:*.spx=00;36:*.xspf=00;36:'), ('SSH_AGENT_LAUNCHER', 'gnome-keyring'), ('SSH_AUTH_SOCK', '/run/user/1000/keyring/ssh'), ('AMENT_PREFIX_PATH', '/opt/ros/humble'), ('SHELL', '/bin/bash'), ('LC_NAME', 'zh_CN.UTF-8'), ('QT_ACCESSIBILITY', '1'), ('GDMSESSION', 'ubuntu'), ('LESSCLOSE', '/usr/bin/lesspipe %s %s'), ('LC_MEASUREMENT', 'zh_CN.UTF-8'), ('GPG_AGENT_INFO', '/run/user/1000/gnupg/S.gpg-agent:0:1'), ('LC_IDENTIFICATION', 'zh_CN.UTF-8'), ('QT_IM_MODULE', 'fcitx'), ('PWD', '/home/wangkun/z1_ros2_ws/build/z1_hardware_interface'), ('LC_ALL', 'en_US.UTF-8'), ('XDG_CONFIG_DIRS', '/etc/xdg/xdg-ubuntu:/etc/xdg'), ('CLUTTER_IM_MODULE', 'fcitx'), ('NVM_CD_FLAGS', ''), ('XDG_DATA_DIRS', '/usr/share/ubuntu:/usr/share/gnome:/usr/local/share/:/usr/share/:/var/lib/snapd/desktop'), ('PYTHONPATH', '/opt/ros/humble/lib/python3.10/site-packages:/opt/ros/humble/local/lib/python3.10/dist-packages'), ('LC_NUMERIC', 'zh_CN.UTF-8'), ('LC_PAPER', 'zh_CN.UTF-8'), ('COLCON', '1'), ('VTE_VERSION', '6800'), ('CMAKE_PREFIX_PATH', '/opt/ros/humble')]), 'shell': False}
[242.817682] (-) TimerEvent: {}
[242.918972] (-) TimerEvent: {}
[242.924722] (z1_hardware_interface) StdoutLine: {'line': b'[ 50%] \x1b[32mBuilding CXX object CMakeFiles/z1_hardware_interface.dir/src/z1_hardware_interface.cpp.o\x1b[0m\n'}
[242.925583] (z1_hardware_interface) StdoutLine: {'line': b'[ 50%] \x1b[32mBuilding CXX object _deps/z1_controller-build/CMakeFiles/z1_ctrl.dir/main.cpp.o\x1b[0m\n'}
[243.019193] (-) TimerEvent: {}
[243.120156] (-) TimerEvent: {}
[243.222709] (-) TimerEvent: {}
[243.324023] (-) TimerEvent: {}
[243.425949] (-) TimerEvent: {}
[243.527559] (-) TimerEvent: {}
[243.630407] (-) TimerEvent: {}
[243.733335] (-) TimerEvent: {}
[243.834577] (-) TimerEvent: {}
[243.936404] (-) TimerEvent: {}
[244.038873] (-) TimerEvent: {}
[244.140649] (-) TimerEvent: {}
[244.245507] (-) TimerEvent: {}
[244.347315] (-) TimerEvent: {}
[244.448431] (-) TimerEvent: {}
[244.551588] (-) TimerEvent: {}
[244.652640] (-) TimerEvent: {}
[244.753480] (-) TimerEvent: {}
[244.855350] (-) TimerEvent: {}
[244.956401] (-) TimerEvent: {}
[245.059170] (-) TimerEvent: {}
[245.126512] (z1_hardware_interface) StderrLine: {'line': b'In file included from \x1b[01m\x1b[K/usr/include/boost/smart_ptr/detail/sp_thread_sleep.hpp:22\x1b[m\x1b[K,\n'}
[245.126931] (z1_hardware_interface) StderrLine: {'line': b'                 from \x1b[01m\x1b[K/usr/include/boost/smart_ptr/detail/yield_k.hpp:23\x1b[m\x1b[K,\n'}
[245.127387] (z1_hardware_interface) StderrLine: {'line': b'                 from \x1b[01m\x1b[K/usr/include/boost/smart_ptr/detail/spinlock_gcc_atomic.hpp:14\x1b[m\x1b[K,\n'}
[245.127622] (z1_hardware_interface) StderrLine: {'line': b'                 from \x1b[01m\x1b[K/usr/include/boost/smart_ptr/detail/spinlock.hpp:42\x1b[m\x1b[K,\n'}
[245.127811] (z1_hardware_interface) StderrLine: {'line': b'                 from \x1b[01m\x1b[K/usr/include/boost/smart_ptr/detail/spinlock_pool.hpp:25\x1b[m\x1b[K,\n'}
[245.127984] (z1_hardware_interface) StderrLine: {'line': b'                 from \x1b[01m\x1b[K/usr/include/boost/smart_ptr/shared_ptr.hpp:29\x1b[m\x1b[K,\n'}
[245.129531] (z1_hardware_interface) StderrLine: {'line': b'                 from \x1b[01m\x1b[K/usr/include/boost/shared_ptr.hpp:17\x1b[m\x1b[K,\n'}
[245.129674] (z1_hardware_interface) StderrLine: {'line': b'                 from \x1b[01m\x1b[K/home/wangkun/z1_ros2_ws/build/z1_hardware_interface/_deps/z1_controller-src/include/common/utilities/loop.h:10\x1b[m\x1b[K,\n'}
[245.129761] (z1_hardware_interface) StderrLine: {'line': b'                 from \x1b[01m\x1b[K/home/wangkun/z1_ros2_ws/build/z1_hardware_interface/_deps/z1_controller-src/include/control/CtrlComponents.h:6\x1b[m\x1b[K,\n'}
[245.129842] (z1_hardware_interface) StderrLine: {'line': b'                 from \x1b[01m\x1b[K/home/wangkun/z1_ros2_ws/build/z1_hardware_interface/_deps/z1_controller-src/include/FSM/FSMState.h:7\x1b[m\x1b[K,\n'}
[245.129934] (z1_hardware_interface) StderrLine: {'line': b'                 from \x1b[01m\x1b[K/home/wangkun/z1_ros2_ws/build/z1_hardware_interface/_deps/z1_controller-src/include/FSM/FiniteStateMachine.h:5\x1b[m\x1b[K,\n'}
[245.130004] (z1_hardware_interface) StderrLine: {'line': b'                 from \x1b[01m\x1b[K/home/wangkun/z1_ros2_ws/build/z1_hardware_interface/_deps/z1_controller-src/main.cpp:3\x1b[m\x1b[K:\n'}
[245.130070] (z1_hardware_interface) StderrLine: {'line': b'\x1b[01m\x1b[K/usr/include/boost/bind.hpp:36:1:\x1b[m\x1b[K \x1b[01;36m\x1b[Knote: \x1b[m\x1b[K\xe2\x80\x98\x1b[01m\x1b[K#pragma message: The practice of declaring the Bind placeholders (_1, _2, ...) in the global namespace is deprecated. Please use <boost/bind/bind.hpp> + using namespace boost::placeholders, or define BOOST_BIND_GLOBAL_PLACEHOLDERS to retain the current behavior.\x1b[m\x1b[K\xe2\x80\x99\n'}
[245.130143] (z1_hardware_interface) StderrLine: {'line': b'   36 | \x1b[01;36m\x1b[KBOOST_PRAGMA_MESSAGE\x1b[m\x1b[K(\n'}
[245.130210] (z1_hardware_interface) StderrLine: {'line': b'      | \x1b[01;36m\x1b[K^~~~~~~~~~~~~~~~~~~~\x1b[m\x1b[K\n'}
[245.159437] (-) TimerEvent: {}
[245.260985] (-) TimerEvent: {}
[245.363577] (-) TimerEvent: {}
[245.466059] (-) TimerEvent: {}
[245.567633] (-) TimerEvent: {}
[245.668118] (-) TimerEvent: {}
[245.769625] (-) TimerEvent: {}
[245.871444] (-) TimerEvent: {}
[245.972169] (-) TimerEvent: {}
[246.073231] (-) TimerEvent: {}
[246.176667] (-) TimerEvent: {}
[246.277694] (-) TimerEvent: {}
[246.381656] (-) TimerEvent: {}
[246.484235] (-) TimerEvent: {}
[246.510679] (z1_hardware_interface) StderrLine: {'line': b'In file included from \x1b[01m\x1b[K/home/wangkun/z1_ros2_ws/build/z1_hardware_interface/_deps/z1_controller-src/include/message/LowlevelCmd.h:5\x1b[m\x1b[K,\n'}
[246.511397] (z1_hardware_interface) StderrLine: {'line': b'                 from \x1b[01m\x1b[K/home/wangkun/z1_ros2_ws/build/z1_hardware_interface/_deps/z1_controller-src/include/control/CtrlComponents.h:8\x1b[m\x1b[K,\n'}
[246.511647] (z1_hardware_interface) StderrLine: {'line': b'                 from \x1b[01m\x1b[K/home/wangkun/z1_ros2_ws/build/z1_hardware_interface/_deps/z1_controller-src/include/FSM/FSMState.h:7\x1b[m\x1b[K,\n'}
[246.512640] (z1_hardware_interface) StderrLine: {'line': b'                 from \x1b[01m\x1b[K/home/wangkun/z1_ros2_ws/build/z1_hardware_interface/_deps/z1_controller-src/include/FSM/FiniteStateMachine.h:5\x1b[m\x1b[K,\n'}
[246.512860] (z1_hardware_interface) StderrLine: {'line': b'                 from \x1b[01m\x1b[K/home/wangkun/z1_ros2_ws/build/z1_hardware_interface/_deps/z1_controller-src/main.cpp:3\x1b[m\x1b[K:\n'}
[246.513031] (z1_hardware_interface) StderrLine: {'line': b'\x1b[01m\x1b[K/home/wangkun/z1_ros2_ws/build/z1_hardware_interface/_deps/z1_controller-src/include/common/math/mathTools.h:\x1b[m\x1b[K In constructor \xe2\x80\x98\x1b[01m\x1b[KAvgCov::AvgCov(unsigned int, std::string, bool, unsigned int, unsigned int, double)\x1b[m\x1b[K\xe2\x80\x99:\n'}
[246.513135] (z1_hardware_interface) StderrLine: {'line': b'\x1b[01m\x1b[K/home/wangkun/z1_ros2_ws/build/z1_hardware_interface/_deps/z1_controller-src/include/common/math/mathTools.h:251:17:\x1b[m\x1b[K \x1b[01;35m\x1b[Kwarning: \x1b[m\x1b[K\xe2\x80\x98\x1b[01m\x1b[KAvgCov::_valueName\x1b[m\x1b[K\xe2\x80\x99 will be initialized after [\x1b[01;35m\x1b[K\x1b]8;;https://gcc.gnu.org/onlinedocs/gcc/Warning-Options.html#index-Wreorder\x07-Wreorder\x1b]8;;\x07\x1b[m\x1b[K]\n'}
[246.513416] (z1_hardware_interface) StderrLine: {'line': b'  251 |     std::string \x1b[01;35m\x1b[K_valueName\x1b[m\x1b[K;\n'}
[246.513530] (z1_hardware_interface) StderrLine: {'line': b'      |                 \x1b[01;35m\x1b[K^~~~~~~~~~\x1b[m\x1b[K\n'}
[246.513620] (z1_hardware_interface) StderrLine: {'line': b'\x1b[01m\x1b[K/home/wangkun/z1_ros2_ws/build/z1_hardware_interface/_deps/z1_controller-src/include/common/math/mathTools.h:245:10:\x1b[m\x1b[K \x1b[01;35m\x1b[Kwarning: \x1b[m\x1b[K  \xe2\x80\x98\x1b[01m\x1b[Kbool AvgCov::_avgOnly\x1b[m\x1b[K\xe2\x80\x99 [\x1b[01;35m\x1b[K\x1b]8;;https://gcc.gnu.org/onlinedocs/gcc/Warning-Options.html#index-Wreorder\x07-Wreorder\x1b]8;;\x07\x1b[m\x1b[K]\n'}
[246.513881] (z1_hardware_interface) StderrLine: {'line': b'  245 |     bool \x1b[01;35m\x1b[K_avgOnly\x1b[m\x1b[K;\n'}
[246.513986] (z1_hardware_interface) StderrLine: {'line': b'      |          \x1b[01;35m\x1b[K^~~~~~~~\x1b[m\x1b[K\n'}
[246.516524] (z1_hardware_interface) StderrLine: {'line': b'In file included from \x1b[01m\x1b[K/home/wangkun/z1_ros2_ws/build/z1_hardware_interface/_deps/z1_controller-src/include/message/LowlevelCmd.h:5\x1b[m\x1b[K,\n'}
[246.518410] (z1_hardware_interface) StderrLine: {'line': b'                 from \x1b[01m\x1b[K/home/wangkun/z1_ros2_ws/build/z1_hardware_interface/_deps/z1_controller-src/include/control/CtrlComponents.h:8\x1b[m\x1b[K,\n'}
[246.518582] (z1_hardware_interface) StderrLine: {'line': b'                 from \x1b[01m\x1b[K/home/wangkun/z1_ros2_ws/build/z1_hardware_interface/_deps/z1_controller-src/include/FSM/FSMState.h:7\x1b[m\x1b[K,\n'}
[246.518682] (z1_hardware_interface) StderrLine: {'line': b'                 from \x1b[01m\x1b[K/home/wangkun/z1_ros2_ws/build/z1_hardware_interface/_deps/z1_controller-src/include/FSM/FiniteStateMachine.h:5\x1b[m\x1b[K,\n'}
[246.518767] (z1_hardware_interface) StderrLine: {'line': b'                 from \x1b[01m\x1b[K/home/wangkun/z1_ros2_ws/build/z1_hardware_interface/_deps/z1_controller-src/main.cpp:3\x1b[m\x1b[K:\n'}
[246.518853] (z1_hardware_interface) StderrLine: {'line': b'\x1b[01m\x1b[K/home/wangkun/z1_ros2_ws/build/z1_hardware_interface/_deps/z1_controller-src/include/common/math/mathTools.h:217:5:\x1b[m\x1b[K \x1b[01;35m\x1b[Kwarning: \x1b[m\x1b[K  when initialized here [\x1b[01;35m\x1b[K\x1b]8;;https://gcc.gnu.org/onlinedocs/gcc/Warning-Options.html#index-Wreorder\x07-Wreorder\x1b]8;;\x07\x1b[m\x1b[K]\n'}
[246.518941] (z1_hardware_interface) StderrLine: {'line': b'  217 |     \x1b[01;35m\x1b[KAvgCov\x1b[m\x1b[K(unsigned int size, std::string name, bool avgOnly=false, unsigned int showPeriod=1000, unsigned int waitCount=5000, double zoomFactor=10000)\n'}
[246.521666] (z1_hardware_interface) StderrLine: {'line': b'      |     \x1b[01;35m\x1b[K^~~~~~\x1b[m\x1b[K\n'}
[246.585993] (-) TimerEvent: {}
[246.687378] (-) TimerEvent: {}
[246.790193] (-) TimerEvent: {}
[246.898392] (-) TimerEvent: {}
[247.001495] (-) TimerEvent: {}
[247.102455] (-) TimerEvent: {}
[247.190550] (z1_hardware_interface) StderrLine: {'line': b'In file included from \x1b[01m\x1b[K/home/wangkun/z1_ros2_ws/build/z1_hardware_interface/_deps/z1_controller-src/include/control/CtrlComponents.h:10\x1b[m\x1b[K,\n'}
[247.191116] (z1_hardware_interface) StderrLine: {'line': b'                 from \x1b[01m\x1b[K/home/wangkun/z1_ros2_ws/build/z1_hardware_interface/_deps/z1_controller-src/include/FSM/FSMState.h:7\x1b[m\x1b[K,\n'}
[247.191527] (z1_hardware_interface) StderrLine: {'line': b'                 from \x1b[01m\x1b[K/home/wangkun/z1_ros2_ws/build/z1_hardware_interface/_deps/z1_controller-src/include/FSM/FiniteStateMachine.h:5\x1b[m\x1b[K,\n'}
[247.191775] (z1_hardware_interface) StderrLine: {'line': b'                 from \x1b[01m\x1b[K/home/wangkun/z1_ros2_ws/build/z1_hardware_interface/_deps/z1_controller-src/main.cpp:3\x1b[m\x1b[K:\n'}
[247.192033] (z1_hardware_interface) StderrLine: {'line': b'\x1b[01m\x1b[K/home/wangkun/z1_ros2_ws/build/z1_hardware_interface/_deps/z1_controller-src/include/common/utilities/CSVTool.h:\x1b[m\x1b[K In member function \xe2\x80\x98\x1b[01m\x1b[Kvoid CSVLine::writeAtEnd(std::fstream&)\x1b[m\x1b[K\xe2\x80\x99:\n'}
[247.194754] (z1_hardware_interface) StderrLine: {'line': b'\x1b[01m\x1b[K/home/wangkun/z1_ros2_ws/build/z1_hardware_interface/_deps/z1_controller-src/include/common/utilities/CSVTool.h:123:20:\x1b[m\x1b[K \x1b[01;35m\x1b[Kwarning: \x1b[m\x1b[Kcomparison of integer expressions of different signedness: \xe2\x80\x98\x1b[01m\x1b[Kint\x1b[m\x1b[K\xe2\x80\x99 and \xe2\x80\x98\x1b[01m\x1b[Kstd::vector<double>::size_type\x1b[m\x1b[K\xe2\x80\x99 {aka \xe2\x80\x98\x1b[01m\x1b[Klong unsigned int\x1b[m\x1b[K\xe2\x80\x99} [\x1b[01;35m\x1b[K\x1b]8;;https://gcc.gnu.org/onlinedocs/gcc/Warning-Options.html#index-Wsign-compare\x07-Wsign-compare\x1b]8;;\x07\x1b[m\x1b[K]\n'}
[247.195043] (z1_hardware_interface) StderrLine: {'line': b'  123 |     for(int i(0); \x1b[01;35m\x1b[Ki<_values.size()\x1b[m\x1b[K; ++i){\n'}
[247.195152] (z1_hardware_interface) StderrLine: {'line': b'      |                   \x1b[01;35m\x1b[K~^~~~~~~~~~~~~~~\x1b[m\x1b[K\n'}
[247.203093] (-) TimerEvent: {}
[247.270142] (z1_hardware_interface) StderrLine: {'line': b'\x1b[01m\x1b[K/home/wangkun/z1_ros2_ws/build/z1_hardware_interface/_deps/z1_controller-src/include/common/utilities/CSVTool.h:\x1b[m\x1b[K In member function \xe2\x80\x98\x1b[01m\x1b[Kvoid CSVTool::saveFile()\x1b[m\x1b[K\xe2\x80\x99:\n'}
[247.271081] (z1_hardware_interface) StderrLine: {'line': b'\x1b[01m\x1b[K/home/wangkun/z1_ros2_ws/build/z1_hardware_interface/_deps/z1_controller-src/include/common/utilities/CSVTool.h:223:20:\x1b[m\x1b[K \x1b[01;35m\x1b[Kwarning: \x1b[m\x1b[Kcomparison of integer expressions of different signedness: \xe2\x80\x98\x1b[01m\x1b[Kint\x1b[m\x1b[K\xe2\x80\x99 and \xe2\x80\x98\x1b[01m\x1b[Kstd::vector<CSVLine*>::size_type\x1b[m\x1b[K\xe2\x80\x99 {aka \xe2\x80\x98\x1b[01m\x1b[Klong unsigned int\x1b[m\x1b[K\xe2\x80\x99} [\x1b[01;35m\x1b[K\x1b]8;;https://gcc.gnu.org/onlinedocs/gcc/Warning-Options.html#index-Wsign-compare\x07-Wsign-compare\x1b]8;;\x07\x1b[m\x1b[K]\n'}
[247.271716] (z1_hardware_interface) StderrLine: {'line': b'  223 |     for(int i(0); \x1b[01;35m\x1b[Ki<_lines.size()\x1b[m\x1b[K; ++i){\n'}
[247.272035] (z1_hardware_interface) StderrLine: {'line': b'      |                   \x1b[01;35m\x1b[K~^~~~~~~~~~~~~~\x1b[m\x1b[K\n'}
[247.303720] (-) TimerEvent: {}
[247.406070] (-) TimerEvent: {}
[247.509701] (-) TimerEvent: {}
[247.610522] (-) TimerEvent: {}
[247.641905] (z1_hardware_interface) StderrLine: {'line': b'In file included from \x1b[01m\x1b[K/home/wangkun/z1_ros2_ws/build/z1_hardware_interface/_deps/z1_controller-src/include/control/keyboard.h:10\x1b[m\x1b[K,\n'}
[247.642526] (z1_hardware_interface) StderrLine: {'line': b'                 from \x1b[01m\x1b[K/home/wangkun/z1_ros2_ws/build/z1_hardware_interface/_deps/z1_controller-src/include/interface/IOInterface.h:7\x1b[m\x1b[K,\n'}
[247.642748] (z1_hardware_interface) StderrLine: {'line': b'                 from \x1b[01m\x1b[K/home/wangkun/z1_ros2_ws/build/z1_hardware_interface/_deps/z1_controller-src/include/interface/IOUDP.h:4\x1b[m\x1b[K,\n'}
[247.643357] (z1_hardware_interface) StderrLine: {'line': b'                 from \x1b[01m\x1b[K/home/wangkun/z1_ros2_ws/build/z1_hardware_interface/_deps/z1_controller-src/include/control/CtrlComponents.h:12\x1b[m\x1b[K,\n'}
[247.643561] (z1_hardware_interface) StderrLine: {'line': b'                 from \x1b[01m\x1b[K/home/wangkun/z1_ros2_ws/build/z1_hardware_interface/_deps/z1_controller-src/include/FSM/FSMState.h:7\x1b[m\x1b[K,\n'}
[247.644235] (z1_hardware_interface) StderrLine: {'line': b'                 from \x1b[01m\x1b[K/home/wangkun/z1_ros2_ws/build/z1_hardware_interface/_deps/z1_controller-src/include/FSM/FiniteStateMachine.h:5\x1b[m\x1b[K,\n'}
[247.644358] (z1_hardware_interface) StderrLine: {'line': b'                 from \x1b[01m\x1b[K/home/wangkun/z1_ros2_ws/build/z1_hardware_interface/_deps/z1_controller-src/main.cpp:3\x1b[m\x1b[K:\n'}
[247.644435] (z1_hardware_interface) StderrLine: {'line': b'\x1b[01m\x1b[K/home/wangkun/z1_ros2_ws/build/z1_hardware_interface/_deps/z1_controller-src/include/control/cmdPanel.h:\x1b[m\x1b[K In member function \xe2\x80\x98\x1b[01m\x1b[Kvirtual void CmdPanel::setRecvState(RecvState&)\x1b[m\x1b[K\xe2\x80\x99:\n'}
[247.644534] (z1_hardware_interface) StderrLine: {'line': b'\x1b[01m\x1b[K/home/wangkun/z1_ros2_ws/build/z1_hardware_interface/_deps/z1_controller-src/include/control/cmdPanel.h:106:42:\x1b[m\x1b[K \x1b[01;35m\x1b[Kwarning: \x1b[m\x1b[Kunused parameter \xe2\x80\x98\x1b[01m\x1b[KrecvState\x1b[m\x1b[K\xe2\x80\x99 [\x1b[01;35m\x1b[K\x1b]8;;https://gcc.gnu.org/onlinedocs/gcc/Warning-Options.html#index-Wunused-parameter\x07-Wunused-parameter\x1b]8;;\x07\x1b[m\x1b[K]\n'}
[247.644618] (z1_hardware_interface) StderrLine: {'line': b'  106 |     virtual void setRecvState(\x1b[01;35m\x1b[KRecvState& recvState\x1b[m\x1b[K){};\n'}
[247.644685] (z1_hardware_interface) StderrLine: {'line': b'      |                               \x1b[01;35m\x1b[K~~~~~~~~~~~^~~~~~~~~\x1b[m\x1b[K\n'}
[247.699407] (z1_hardware_interface) StderrLine: {'line': b'In file included from \x1b[01m\x1b[K/home/wangkun/z1_ros2_ws/build/z1_hardware_interface/_deps/z1_controller-src/include/FSM/FiniteStateMachine.h:5\x1b[m\x1b[K,\n'}
[247.699721] (z1_hardware_interface) StderrLine: {'line': b'                 from \x1b[01m\x1b[K/home/wangkun/z1_ros2_ws/build/z1_hardware_interface/_deps/z1_controller-src/main.cpp:3\x1b[m\x1b[K:\n'}
[247.699828] (z1_hardware_interface) StderrLine: {'line': b'\x1b[01m\x1b[K/home/wangkun/z1_ros2_ws/build/z1_hardware_interface/_deps/z1_controller-src/include/FSM/FSMState.h:\x1b[m\x1b[K In member function \xe2\x80\x98\x1b[01m\x1b[Kvirtual int FSMState::checkChange(int)\x1b[m\x1b[K\xe2\x80\x99:\n'}
[247.699924] (z1_hardware_interface) StderrLine: {'line': b'\x1b[01m\x1b[K/home/wangkun/z1_ros2_ws/build/z1_hardware_interface/_deps/z1_controller-src/include/FSM/FSMState.h:21:33:\x1b[m\x1b[K \x1b[01;35m\x1b[Kwarning: \x1b[m\x1b[Kunused parameter \xe2\x80\x98\x1b[01m\x1b[Kcmd\x1b[m\x1b[K\xe2\x80\x99 [\x1b[01;35m\x1b[K\x1b]8;;https://gcc.gnu.org/onlinedocs/gcc/Warning-Options.html#index-Wunused-parameter\x07-Wunused-parameter\x1b]8;;\x07\x1b[m\x1b[K]\n'}
[247.700034] (z1_hardware_interface) StderrLine: {'line': b'   21 |     virtual int checkChange(\x1b[01;35m\x1b[Kint cmd\x1b[m\x1b[K) {return (int)ArmFSMStateName::INVALID;}\n'}
[247.700326] (z1_hardware_interface) StderrLine: {'line': b'      |                             \x1b[01;35m\x1b[K~~~~^~~\x1b[m\x1b[K\n'}
[247.705943] (z1_hardware_interface) StderrLine: {'line': b'In file included from \x1b[01m\x1b[K/home/wangkun/z1_ros2_ws/build/z1_hardware_interface/_deps/z1_controller-src/include/trajectory/JointSpaceTraj.h:5\x1b[m\x1b[K,\n'}
[247.706493] (z1_hardware_interface) StderrLine: {'line': b'                 from \x1b[01m\x1b[K/home/wangkun/z1_ros2_ws/build/z1_hardware_interface/_deps/z1_controller-src/include/FSM/State_BackToStart.h:6\x1b[m\x1b[K,\n'}
[247.706824] (z1_hardware_interface) StderrLine: {'line': b'                 from \x1b[01m\x1b[K/home/wangkun/z1_ros2_ws/build/z1_hardware_interface/_deps/z1_controller-src/main.cpp:5\x1b[m\x1b[K:\n'}
[247.707102] (z1_hardware_interface) StderrLine: {'line': b'\x1b[01m\x1b[K/home/wangkun/z1_ros2_ws/build/z1_hardware_interface/_deps/z1_controller-src/include/trajectory/Trajectory.h:\x1b[m\x1b[K In member function \xe2\x80\x98\x1b[01m\x1b[Kvirtual bool Trajectory::getJointCmd(Vec6&, Vec6&)\x1b[m\x1b[K\xe2\x80\x99:\n'}
[247.707622] (z1_hardware_interface) StderrLine: {'line': b'\x1b[01m\x1b[K/home/wangkun/z1_ros2_ws/build/z1_hardware_interface/_deps/z1_controller-src/include/trajectory/Trajectory.h:12:36:\x1b[m\x1b[K \x1b[01;35m\x1b[Kwarning: \x1b[m\x1b[Kunused parameter \xe2\x80\x98\x1b[01m\x1b[Kq\x1b[m\x1b[K\xe2\x80\x99 [\x1b[01;35m\x1b[K\x1b]8;;https://gcc.gnu.org/onlinedocs/gcc/Warning-Options.html#index-Wunused-parameter\x07-Wunused-parameter\x1b]8;;\x07\x1b[m\x1b[K]\n'}
[247.708071] (z1_hardware_interface) StderrLine: {'line': b'   12 |     virtual bool getJointCmd(\x1b[01;35m\x1b[KVec6 &q\x1b[m\x1b[K, Vec6 &qd){return false;};\n'}
[247.708200] (z1_hardware_interface) StderrLine: {'line': b'      |                              \x1b[01;35m\x1b[K~~~~~~^\x1b[m\x1b[K\n'}
[247.708292] (z1_hardware_interface) StderrLine: {'line': b'\x1b[01m\x1b[K/home/wangkun/z1_ros2_ws/build/z1_hardware_interface/_deps/z1_controller-src/include/trajectory/Trajectory.h:12:45:\x1b[m\x1b[K \x1b[01;35m\x1b[Kwarning: \x1b[m\x1b[Kunused parameter \xe2\x80\x98\x1b[01m\x1b[Kqd\x1b[m\x1b[K\xe2\x80\x99 [\x1b[01;35m\x1b[K\x1b]8;;https://gcc.gnu.org/onlinedocs/gcc/Warning-Options.html#index-Wunused-parameter\x07-Wunused-parameter\x1b]8;;\x07\x1b[m\x1b[K]\n'}
[247.712552] (z1_hardware_interface) StderrLine: {'line': b'   12 |     virtual bool getJointCmd(Vec6 &q, \x1b[01;35m\x1b[KVec6 &qd\x1b[m\x1b[K){return false;};\n'}
[247.712950] (-) TimerEvent: {}
[247.713484] (z1_hardware_interface) StderrLine: {'line': b'      |                                       \x1b[01;35m\x1b[K~~~~~~^~\x1b[m\x1b[K\n'}
[247.713690] (z1_hardware_interface) StderrLine: {'line': b'\x1b[01m\x1b[K/home/wangkun/z1_ros2_ws/build/z1_hardware_interface/_deps/z1_controller-src/include/trajectory/Trajectory.h:\x1b[m\x1b[K In member function \xe2\x80\x98\x1b[01m\x1b[Kvirtual bool Trajectory::getJointCmd(Vec6&, Vec6&, double&, double&)\x1b[m\x1b[K\xe2\x80\x99:\n'}
[247.713797] (z1_hardware_interface) StderrLine: {'line': b'\x1b[01m\x1b[K/home/wangkun/z1_ros2_ws/build/z1_hardware_interface/_deps/z1_controller-src/include/trajectory/Trajectory.h:13:36:\x1b[m\x1b[K \x1b[01;35m\x1b[Kwarning: \x1b[m\x1b[Kunused parameter \xe2\x80\x98\x1b[01m\x1b[Kq\x1b[m\x1b[K\xe2\x80\x99 [\x1b[01;35m\x1b[K\x1b]8;;https://gcc.gnu.org/onlinedocs/gcc/Warning-Options.html#index-Wunused-parameter\x07-Wunused-parameter\x1b]8;;\x07\x1b[m\x1b[K]\n'}
[247.713919] (z1_hardware_interface) StderrLine: {'line': b'   13 |     virtual bool getJointCmd(\x1b[01;35m\x1b[KVec6 &q\x1b[m\x1b[K, Vec6 &qd, double &gripperQ, double &gripperQd){return false;};\n'}
[247.714009] (z1_hardware_interface) StderrLine: {'line': b'      |                              \x1b[01;35m\x1b[K~~~~~~^\x1b[m\x1b[K\n'}
[247.714089] (z1_hardware_interface) StderrLine: {'line': b'\x1b[01m\x1b[K/home/wangkun/z1_ros2_ws/build/z1_hardware_interface/_deps/z1_controller-src/include/trajectory/Trajectory.h:13:45:\x1b[m\x1b[K \x1b[01;35m\x1b[Kwarning: \x1b[m\x1b[Kunused parameter \xe2\x80\x98\x1b[01m\x1b[Kqd\x1b[m\x1b[K\xe2\x80\x99 [\x1b[01;35m\x1b[K\x1b]8;;https://gcc.gnu.org/onlinedocs/gcc/Warning-Options.html#index-Wunused-parameter\x07-Wunused-parameter\x1b]8;;\x07\x1b[m\x1b[K]\n'}
[247.714359] (z1_hardware_interface) StderrLine: {'line': b'   13 |     virtual bool getJointCmd(Vec6 &q, \x1b[01;35m\x1b[KVec6 &qd\x1b[m\x1b[K, double &gripperQ, double &gripperQd){return false;};\n'}
[247.714467] (z1_hardware_interface) StderrLine: {'line': b'      |                                       \x1b[01;35m\x1b[K~~~~~~^~\x1b[m\x1b[K\n'}
[247.714551] (z1_hardware_interface) StderrLine: {'line': b'\x1b[01m\x1b[K/home/wangkun/z1_ros2_ws/build/z1_hardware_interface/_deps/z1_controller-src/include/trajectory/Trajectory.h:13:57:\x1b[m\x1b[K \x1b[01;35m\x1b[Kwarning: \x1b[m\x1b[Kunused parameter \xe2\x80\x98\x1b[01m\x1b[KgripperQ\x1b[m\x1b[K\xe2\x80\x99 [\x1b[01;35m\x1b[K\x1b]8;;https://gcc.gnu.org/onlinedocs/gcc/Warning-Options.html#index-Wunused-parameter\x07-Wunused-parameter\x1b]8;;\x07\x1b[m\x1b[K]\n'}
[247.714653] (z1_hardware_interface) StderrLine: {'line': b'   13 |     virtual bool getJointCmd(Vec6 &q, Vec6 &qd, \x1b[01;35m\x1b[Kdouble &gripperQ\x1b[m\x1b[K, double &gripperQd){return false;};\n'}
[247.714734] (z1_hardware_interface) StderrLine: {'line': b'      |                                                 \x1b[01;35m\x1b[K~~~~~~~~^~~~~~~~\x1b[m\x1b[K\n'}
[247.714810] (z1_hardware_interface) StderrLine: {'line': b'\x1b[01m\x1b[K/home/wangkun/z1_ros2_ws/build/z1_hardware_interface/_deps/z1_controller-src/include/trajectory/Trajectory.h:13:75:\x1b[m\x1b[K \x1b[01;35m\x1b[Kwarning: \x1b[m\x1b[Kunused parameter \xe2\x80\x98\x1b[01m\x1b[KgripperQd\x1b[m\x1b[K\xe2\x80\x99 [\x1b[01;35m\x1b[K\x1b]8;;https://gcc.gnu.org/onlinedocs/gcc/Warning-Options.html#index-Wunused-parameter\x07-Wunused-parameter\x1b]8;;\x07\x1b[m\x1b[K]\n'}
[247.714899] (z1_hardware_interface) StderrLine: {'line': b'   13 |     virtual bool getJointCmd(Vec6 &q, Vec6 &qd, double &gripperQ, \x1b[01;35m\x1b[Kdouble &gripperQd\x1b[m\x1b[K){return false;};\n'}
[247.715136] (z1_hardware_interface) StderrLine: {'line': b'      |                                                                   \x1b[01;35m\x1b[K~~~~~~~~^~~~~~~~~\x1b[m\x1b[K\n'}
[247.715243] (z1_hardware_interface) StderrLine: {'line': b'\x1b[01m\x1b[K/home/wangkun/z1_ros2_ws/build/z1_hardware_interface/_deps/z1_controller-src/include/trajectory/Trajectory.h:\x1b[m\x1b[K In member function \xe2\x80\x98\x1b[01m\x1b[Kvirtual bool Trajectory::getCartesionCmd(Vec6, Vec6&, Vec6&)\x1b[m\x1b[K\xe2\x80\x99:\n'}
[247.715337] (z1_hardware_interface) StderrLine: {'line': b'\x1b[01m\x1b[K/home/wangkun/z1_ros2_ws/build/z1_hardware_interface/_deps/z1_controller-src/include/trajectory/Trajectory.h:14:39:\x1b[m\x1b[K \x1b[01;35m\x1b[Kwarning: \x1b[m\x1b[Kunused parameter \xe2\x80\x98\x1b[01m\x1b[KpastPosture\x1b[m\x1b[K\xe2\x80\x99 [\x1b[01;35m\x1b[K\x1b]8;;https://gcc.gnu.org/onlinedocs/gcc/Warning-Options.html#index-Wunused-parameter\x07-Wunused-parameter\x1b]8;;\x07\x1b[m\x1b[K]\n'}
[247.715424] (z1_hardware_interface) StderrLine: {'line': b'   14 |     virtual bool getCartesionCmd(\x1b[01;35m\x1b[KVec6 pastPosture\x1b[m\x1b[K, Vec6 &endPosture, Vec6 &endTwist){return false;};\n'}
[247.717468] (z1_hardware_interface) StderrLine: {'line': b'      |                                  \x1b[01;35m\x1b[K~~~~~^~~~~~~~~~~\x1b[m\x1b[K\n'}
[247.717657] (z1_hardware_interface) StderrLine: {'line': b'\x1b[01m\x1b[K/home/wangkun/z1_ros2_ws/build/z1_hardware_interface/_deps/z1_controller-src/include/trajectory/Trajectory.h:14:58:\x1b[m\x1b[K \x1b[01;35m\x1b[Kwarning: \x1b[m\x1b[Kunused parameter \xe2\x80\x98\x1b[01m\x1b[KendPosture\x1b[m\x1b[K\xe2\x80\x99 [\x1b[01;35m\x1b[K\x1b]8;;https://gcc.gnu.org/onlinedocs/gcc/Warning-Options.html#index-Wunused-parameter\x07-Wunused-parameter\x1b]8;;\x07\x1b[m\x1b[K]\n'}
[247.717808] (z1_hardware_interface) StderrLine: {'line': b'   14 |     virtual bool getCartesionCmd(Vec6 pastPosture, \x1b[01;35m\x1b[KVec6 &endPosture\x1b[m\x1b[K, Vec6 &endTwist){return false;};\n'}
[247.717907] (z1_hardware_interface) StderrLine: {'line': b'      |                                                    \x1b[01;35m\x1b[K~~~~~~^~~~~~~~~~\x1b[m\x1b[K\n'}
[247.718997] (z1_hardware_interface) StderrLine: {'line': b'\x1b[01m\x1b[K/home/wangkun/z1_ros2_ws/build/z1_hardware_interface/_deps/z1_controller-src/include/trajectory/Trajectory.h:14:76:\x1b[m\x1b[K \x1b[01;35m\x1b[Kwarning: \x1b[m\x1b[Kunused parameter \xe2\x80\x98\x1b[01m\x1b[KendTwist\x1b[m\x1b[K\xe2\x80\x99 [\x1b[01;35m\x1b[K\x1b]8;;https://gcc.gnu.org/onlinedocs/gcc/Warning-Options.html#index-Wunused-parameter\x07-Wunused-parameter\x1b]8;;\x07\x1b[m\x1b[K]\n'}
[247.719155] (z1_hardware_interface) StderrLine: {'line': b'   14 |     virtual bool getCartesionCmd(Vec6 pastPosture, Vec6 &endPosture, \x1b[01;35m\x1b[KVec6 &endTwist\x1b[m\x1b[K){return false;};\n'}
[247.719468] (z1_hardware_interface) StderrLine: {'line': b'      |                                                                      \x1b[01;35m\x1b[K~~~~~~^~~~~~~~\x1b[m\x1b[K\n'}
[247.787293] (z1_hardware_interface) StderrLine: {'line': b'\x1b[01m\x1b[K/home/wangkun/z1_ros2_ws/build/z1_hardware_interface/_deps/z1_controller-src/main.cpp:\x1b[m\x1b[K In lambda function:\n'}
[247.787729] (z1_hardware_interface) StderrLine: {'line': b'\x1b[01m\x1b[K/home/wangkun/z1_ros2_ws/build/z1_hardware_interface/_deps/z1_controller-src/main.cpp:94:27:\x1b[m\x1b[K \x1b[01;35m\x1b[Kwarning: \x1b[m\x1b[Kunused parameter \xe2\x80\x98\x1b[01m\x1b[Ksignum\x1b[m\x1b[K\xe2\x80\x99 [\x1b[01;35m\x1b[K\x1b]8;;https://gcc.gnu.org/onlinedocs/gcc/Warning-Options.html#index-Wunused-parameter\x07-Wunused-parameter\x1b]8;;\x07\x1b[m\x1b[K]\n'}
[247.787894] (z1_hardware_interface) StderrLine: {'line': b'   94 |     signal(SIGINT, [](\x1b[01;35m\x1b[Kint signum\x1b[m\x1b[K){running = false;});\n'}
[247.788022] (z1_hardware_interface) StderrLine: {'line': b'      |                       \x1b[01;35m\x1b[K~~~~^~~~~~\x1b[m\x1b[K\n'}
[247.813338] (-) TimerEvent: {}
[247.914556] (-) TimerEvent: {}
[248.016816] (-) TimerEvent: {}
[248.118590] (-) TimerEvent: {}
[248.220441] (-) TimerEvent: {}
[248.342457] (-) TimerEvent: {}
[248.443287] (-) TimerEvent: {}
[248.544623] (-) TimerEvent: {}
[248.646256] (-) TimerEvent: {}
[248.747672] (-) TimerEvent: {}
[248.848511] (-) TimerEvent: {}
[248.949364] (-) TimerEvent: {}
[249.050508] (-) TimerEvent: {}
[249.144442] (z1_hardware_interface) StderrLine: {'line': b'\x1b[01m\x1b[K/home/wangkun/z1_ros2_ws/src/z1_ros2/z1_hardware_interface/src/z1_hardware_interface.cpp:\x1b[m\x1b[K In member function \xe2\x80\x98\x1b[01m\x1b[Klong int unitree::z1::HardwareInterface::get_joint_id(const string&) const\x1b[m\x1b[K\xe2\x80\x99:\n'}
[249.146237] (z1_hardware_interface) StderrLine: {'line': b'\x1b[01m\x1b[K/home/wangkun/z1_ros2_ws/src/z1_ros2/z1_hardware_interface/src/z1_hardware_interface.cpp:341:24:\x1b[m\x1b[K \x1b[01;35m\x1b[Kwarning: \x1b[m\x1b[Kcomparison of integer expressions of different signedness: \xe2\x80\x98\x1b[01m\x1b[Klong int\x1b[m\x1b[K\xe2\x80\x99 and \xe2\x80\x98\x1b[01m\x1b[Kstd::vector<hardware_interface::ComponentInfo>::size_type\x1b[m\x1b[K\xe2\x80\x99 {aka \xe2\x80\x98\x1b[01m\x1b[Klong unsigned int\x1b[m\x1b[K\xe2\x80\x99} [\x1b[01;35m\x1b[K\x1b]8;;https://gcc.gnu.org/onlinedocs/gcc/Warning-Options.html#index-Wsign-compare\x07-Wsign-compare\x1b]8;;\x07\x1b[m\x1b[K]\n'}
[249.146526] (z1_hardware_interface) StderrLine: {'line': b'  341 |     for (long i = 0; \x1b[01;35m\x1b[Ki < joints().size()\x1b[m\x1b[K; ++i) {\n'}
[249.146634] (z1_hardware_interface) StderrLine: {'line': b'      |                      \x1b[01;35m\x1b[K~~^~~~~~~~~~~~~~~~~\x1b[m\x1b[K\n'}
[249.151309] (-) TimerEvent: {}
[249.252358] (-) TimerEvent: {}
[249.354626] (-) TimerEvent: {}
[249.455360] (-) TimerEvent: {}
[249.556244] (-) TimerEvent: {}
[249.659656] (-) TimerEvent: {}
[249.760607] (-) TimerEvent: {}
[249.861498] (-) TimerEvent: {}
[249.962646] (-) TimerEvent: {}
[250.063317] (-) TimerEvent: {}
[250.166130] (-) TimerEvent: {}
[250.267383] (-) TimerEvent: {}
[250.369479] (-) TimerEvent: {}
[250.470354] (-) TimerEvent: {}
[250.571521] (-) TimerEvent: {}
[250.673159] (-) TimerEvent: {}
[250.774260] (-) TimerEvent: {}
[250.877530] (-) TimerEvent: {}
[250.965671] (z1_hardware_interface) StdoutLine: {'line': b'[ 75%] \x1b[32m\x1b[1mLinking CXX executable ../../z1_ctrl\x1b[0m\n'}
[250.979465] (-) TimerEvent: {}
[251.080337] (-) TimerEvent: {}
[251.182696] (-) TimerEvent: {}
[251.187388] (z1_hardware_interface) StdoutLine: {'line': b'[ 75%] Built target z1_ctrl\n'}
[251.283316] (-) TimerEvent: {}
[251.386387] (-) TimerEvent: {}
[251.487665] (-) TimerEvent: {}
[251.588474] (-) TimerEvent: {}
[251.689351] (-) TimerEvent: {}
[251.790641] (-) TimerEvent: {}
[251.891754] (-) TimerEvent: {}
[251.992976] (-) TimerEvent: {}
[252.093956] (-) TimerEvent: {}
[252.195224] (-) TimerEvent: {}
[252.297097] (-) TimerEvent: {}
[252.399745] (-) TimerEvent: {}
[252.502696] (-) TimerEvent: {}
[252.603794] (-) TimerEvent: {}
[252.704754] (-) TimerEvent: {}
[252.806105] (-) TimerEvent: {}
[252.907005] (-) TimerEvent: {}
[253.007692] (-) TimerEvent: {}
[253.108813] (-) TimerEvent: {}
[253.209977] (-) TimerEvent: {}
[253.310927] (-) TimerEvent: {}
[253.412037] (-) TimerEvent: {}
[253.512592] (-) TimerEvent: {}
[253.613822] (-) TimerEvent: {}
[253.715177] (-) TimerEvent: {}
[253.816106] (-) TimerEvent: {}
[253.916869] (-) TimerEvent: {}
[254.017848] (-) TimerEvent: {}
[254.118973] (-) TimerEvent: {}
[254.220084] (-) TimerEvent: {}
[254.321139] (-) TimerEvent: {}
[254.422286] (-) TimerEvent: {}
[254.523033] (-) TimerEvent: {}
[254.623803] (-) TimerEvent: {}
[254.724944] (-) TimerEvent: {}
[254.826149] (-) TimerEvent: {}
[254.862956] (z1_hardware_interface) StdoutLine: {'line': b'[100%] \x1b[32m\x1b[1mLinking CXX shared library libz1_hardware_interface.so\x1b[0m\n'}
[254.926354] (-) TimerEvent: {}
[255.027375] (-) TimerEvent: {}
[255.128418] (-) TimerEvent: {}
[255.229660] (-) TimerEvent: {}
[255.330577] (-) TimerEvent: {}
[255.431752] (-) TimerEvent: {}
[255.516793] (z1_hardware_interface) StdoutLine: {'line': b'[100%] Built target z1_hardware_interface\n'}
[255.532314] (-) TimerEvent: {}
[255.562110] (z1_hardware_interface) CommandEnded: {'returncode': 0}
[255.566675] (z1_hardware_interface) JobProgress: {'identifier': 'z1_hardware_interface', 'progress': 'install'}
[255.566814] (z1_hardware_interface) Command: {'cmd': ['/usr/bin/cmake', '--install', '/home/wangkun/z1_ros2_ws/build/z1_hardware_interface'], 'cwd': '/home/wangkun/z1_ros2_ws/build/z1_hardware_interface', 'env': OrderedDict([('LESSOPEN', '| /usr/bin/lesspipe %s'), ('LANGUAGE', 'zh_CN:en_US:en'), ('USER', 'wangkun'), ('LC_TIME', 'zh_CN.UTF-8'), ('XDG_SESSION_TYPE', 'x11'), ('SHLVL', '1'), ('LD_LIBRARY_PATH', '/opt/ros/humble/opt/rviz_ogre_vendor/lib:/opt/ros/humble/lib/x86_64-linux-gnu:/opt/ros/humble/lib'), ('HOME', '/home/wangkun'), ('OLDPWD', '/home/wangkun/z1_ros2_ws/src'), ('DESKTOP_SESSION', 'ubuntu'), ('NVM_BIN', '/home/wangkun/.nvm/versions/node/v22.23.2/bin'), ('NVM_INC', '/home/wangkun/.nvm/versions/node/v22.23.2/include/node'), ('ROS_PYTHON_VERSION', '3'), ('GNOME_SHELL_SESSION_MODE', 'ubuntu'), ('GTK_MODULES', 'gail:atk-bridge'), ('LC_MONETARY', 'zh_CN.UTF-8'), ('MANAGERPID', '1116'), ('SYSTEMD_EXEC_PID', '1639'), ('DBUS_SESSION_BUS_ADDRESS', 'unix:path=/run/user/1000/bus'), ('COLORTERM', 'truecolor'), ('GIO_LAUNCHED_DESKTOP_FILE_PID', '2990'), ('NVM_DIR', '/home/wangkun/.nvm'), ('IM_CONFIG_PHASE', '1'), ('ROS_DISTRO', 'humble'), ('GTK_IM_MODULE', 'fcitx'), ('LOGNAME', 'wangkun'), ('JOURNAL_STREAM', '8:22053'), ('_', '/usr/bin/colcon'), ('ROS_VERSION', '2'), ('XDG_SESSION_CLASS', 'user'), ('USERNAME', 'wangkun'), ('TERM', 'xterm-256color'), ('GNOME_DESKTOP_SESSION_ID', 'this-is-deprecated'), ('ROS_LOCALHOST_ONLY', '0'), ('WINDOWPATH', '2'), ('PATH', '/home/wangkun/.nvm/versions/node/v22.23.2/bin:/opt/ros/humble/bin:/usr/local/sbin:/usr/local/bin:/usr/sbin:/usr/bin:/sbin:/bin:/usr/games:/usr/local/games:/snap/bin:/snap/bin'), ('SESSION_MANAGER', 'local/wangkun-virtual-machine:@/tmp/.ICE-unix/1397,unix/wangkun-virtual-machine:/tmp/.ICE-unix/1397'), ('INVOCATION_ID', '5fcec56be8f64feb8e4f999f251ebfb8'), ('PAPERSIZE', 'a4'), ('XDG_MENU_PREFIX', 'gnome-'), ('LC_ADDRESS', 'zh_CN.UTF-8'), ('XDG_RUNTIME_DIR', '/run/user/1000'), ('DISPLAY', ':0'), ('LANG', 'zh_CN.UTF-8'), ('XDG_CURRENT_DESKTOP', 'ubuntu:GNOME'), ('LC_TELEPHONE', 'zh_CN.UTF-8'), ('TILIX_ID', 'd4e4dedd-2900-4e6a-b355-84d5a569ff96'), ('XMODIFIERS', '@im=fcitx'), ('XDG_SESSION_DESKTOP', 'ubuntu'), ('XAUTHORITY', '/run/user/1000/gdm/Xauthority'), ('LS_COLORS', 'rs=0:di=01;34:ln=01;36:mh=00:pi=40;33:so=01;35:do=01;35:bd=40;33;01:cd=40;33;01:or=40;31;01:mi=00:su=37;41:sg=30;43:ca=30;41:tw=30;42:ow=34;42:st=37;44:ex=01;32:*.tar=01;31:*.tgz=01;31:*.arc=01;31:*.arj=01;31:*.taz=01;31:*.lha=01;31:*.lz4=01;31:*.lzh=01;31:*.lzma=01;31:*.tlz=01;31:*.txz=01;31:*.tzo=01;31:*.t7z=01;31:*.zip=01;31:*.z=01;31:*.dz=01;31:*.gz=01;31:*.lrz=01;31:*.lz=01;31:*.lzo=01;31:*.xz=01;31:*.zst=01;31:*.tzst=01;31:*.bz2=01;31:*.bz=01;31:*.tbz=01;31:*.tbz2=01;31:*.tz=01;31:*.deb=01;31:*.rpm=01;31:*.jar=01;31:*.war=01;31:*.ear=01;31:*.sar=01;31:*.rar=01;31:*.alz=01;31:*.ace=01;31:*.zoo=01;31:*.cpio=01;31:*.7z=01;31:*.rz=01;31:*.cab=01;31:*.wim=01;31:*.swm=01;31:*.dwm=01;31:*.esd=01;31:*.jpg=01;35:*.jpeg=01;35:*.mjpg=01;35:*.mjpeg=01;35:*.gif=01;35:*.bmp=01;35:*.pbm=01;35:*.pgm=01;35:*.ppm=01;35:*.tga=01;35:*.xbm=01;35:*.xpm=01;35:*.tif=01;35:*.tiff=01;35:*.png=01;35:*.svg=01;35:*.svgz=01;35:*.mng=01;35:*.pcx=01;35:*.mov=01;35:*.mpg=01;35:*.mpeg=01;35:*.m2v=01;35:*.mkv=01;35:*.webm=01;35:*.webp=01;35:*.ogm=01;35:*.mp4=01;35:*.m4v=01;35:*.mp4v=01;35:*.vob=01;35:*.qt=01;35:*.nuv=01;35:*.wmv=01;35:*.asf=01;35:*.rm=01;35:*.rmvb=01;35:*.flc=01;35:*.avi=01;35:*.fli=01;35:*.flv=01;35:*.gl=01;35:*.dl=01;35:*.xcf=01;35:*.xwd=01;35:*.yuv=01;35:*.cgm=01;35:*.emf=01;35:*.ogv=01;35:*.ogx=01;35:*.aac=00;36:*.au=00;36:*.flac=00;36:*.m4a=00;36:*.mid=00;36:*.midi=00;36:*.mka=00;36:*.mp3=00;36:*.mpc=00;36:*.ogg=00;36:*.ra=00;36:*.wav=00;36:*.oga=00;36:*.opus=00;36:*.spx=00;36:*.xspf=00;36:'), ('SSH_AGENT_LAUNCHER', 'gnome-keyring'), ('SSH_AUTH_SOCK', '/run/user/1000/keyring/ssh'), ('AMENT_PREFIX_PATH', '/opt/ros/humble'), ('SHELL', '/bin/bash'), ('LC_NAME', 'zh_CN.UTF-8'), ('QT_ACCESSIBILITY', '1'), ('GDMSESSION', 'ubuntu'), ('LESSCLOSE', '/usr/bin/lesspipe %s %s'), ('LC_MEASUREMENT', 'zh_CN.UTF-8'), ('GPG_AGENT_INFO', '/run/user/1000/gnupg/S.gpg-agent:0:1'), ('LC_IDENTIFICATION', 'zh_CN.UTF-8'), ('QT_IM_MODULE', 'fcitx'), ('PWD', '/home/wangkun/z1_ros2_ws/build/z1_hardware_interface'), ('LC_ALL', 'en_US.UTF-8'), ('XDG_CONFIG_DIRS', '/etc/xdg/xdg-ubuntu:/etc/xdg'), ('CLUTTER_IM_MODULE', 'fcitx'), ('NVM_CD_FLAGS', ''), ('XDG_DATA_DIRS', '/usr/share/ubuntu:/usr/share/gnome:/usr/local/share/:/usr/share/:/var/lib/snapd/desktop'), ('PYTHONPATH', '/opt/ros/humble/lib/python3.10/site-packages:/opt/ros/humble/local/lib/python3.10/dist-packages'), ('LC_NUMERIC', 'zh_CN.UTF-8'), ('LC_PAPER', 'zh_CN.UTF-8'), ('COLCON', '1'), ('VTE_VERSION', '6800'), ('CMAKE_PREFIX_PATH', '/opt/ros/humble')]), 'shell': False}
[255.590059] (z1_hardware_interface) StdoutLine: {'line': b'-- Install configuration: "Release"\n'}
[255.590697] (z1_hardware_interface) StdoutLine: {'line': b'-- Installing: /home/wangkun/z1_ros2_ws/install/z1_hardware_interface/share/z1_hardware_interface/z1_hardware_interface.xml\n'}
[255.592408] (z1_hardware_interface) StdoutLine: {'line': b'-- Installing: /home/wangkun/z1_ros2_ws/install/z1_hardware_interface/lib/libz1_hardware_interface.so\n'}
[255.594301] (z1_hardware_interface) StdoutLine: {'line': b'-- Set runtime path of "/home/wangkun/z1_ros2_ws/install/z1_hardware_interface/lib/libz1_hardware_interface.so" to ""\n'}
[255.594845] (z1_hardware_interface) StdoutLine: {'line': b'-- Installing: /home/wangkun/z1_ros2_ws/install/z1_hardware_interface/include/include\n'}
[255.595529] (z1_hardware_interface) StdoutLine: {'line': b'-- Installing: /home/wangkun/z1_ros2_ws/install/z1_hardware_interface/include/include/z1_hardware_interface\n'}
[255.596423] (z1_hardware_interface) StdoutLine: {'line': b'-- Installing: /home/wangkun/z1_ros2_ws/install/z1_hardware_interface/include/include/z1_hardware_interface/z1_hardware_interface.hpp\n'}
[255.597344] (z1_hardware_interface) StdoutLine: {'line': b'-- Installing: /home/wangkun/z1_ros2_ws/install/z1_hardware_interface/lib/libZ1_x86_64.so\n'}
[255.603599] (z1_hardware_interface) StdoutLine: {'line': b'-- Installing: /home/wangkun/z1_ros2_ws/install/z1_hardware_interface/lib/libZ1_SDK_x86_64.so\n'}
[255.607197] (z1_hardware_interface) StdoutLine: {'line': b'-- Installing: /home/wangkun/z1_ros2_ws/install/z1_hardware_interface/share/z1_hardware_interface/controller/z1_ctrl\n'}
[255.607658] (z1_hardware_interface) StdoutLine: {'line': b'-- Installing: /home/wangkun/z1_ros2_ws/install/z1_hardware_interface/share/z1_hardware_interface/config\n'}
[255.608634] (z1_hardware_interface) StdoutLine: {'line': b'-- Installing: /home/wangkun/z1_ros2_ws/install/z1_hardware_interface/share/z1_hardware_interface/config/savedArmStates.csv\n'}
[255.609773] (z1_hardware_interface) StdoutLine: {'line': b'-- Installing: /home/wangkun/z1_ros2_ws/install/z1_hardware_interface/share/z1_hardware_interface/config/config.xml\n'}
[255.610691] (z1_hardware_interface) StdoutLine: {'line': b'-- Installing: /home/wangkun/z1_ros2_ws/install/z1_hardware_interface/share/z1_hardware_interface/scripts\n'}
[255.611444] (z1_hardware_interface) StdoutLine: {'line': b'-- Installing: /home/wangkun/z1_ros2_ws/install/z1_hardware_interface/share/z1_hardware_interface/scripts/z1_controller_process.py\n'}
[255.612415] (z1_hardware_interface) StdoutLine: {'line': b'-- Installing: /home/wangkun/z1_ros2_ws/install/z1_hardware_interface/share/z1_hardware_interface/environment/library_path.sh\n'}
[255.613044] (z1_hardware_interface) StdoutLine: {'line': b'-- Installing: /home/wangkun/z1_ros2_ws/install/z1_hardware_interface/share/z1_hardware_interface/environment/library_path.dsv\n'}
[255.614306] (z1_hardware_interface) StdoutLine: {'line': b'-- Installing: /home/wangkun/z1_ros2_ws/install/z1_hardware_interface/share/ament_index/resource_index/package_run_dependencies/z1_hardware_interface\n'}
[255.614452] (z1_hardware_interface) StdoutLine: {'line': b'-- Installing: /home/wangkun/z1_ros2_ws/install/z1_hardware_interface/share/ament_index/resource_index/parent_prefix_path/z1_hardware_interface\n'}
[255.615447] (z1_hardware_interface) StdoutLine: {'line': b'-- Installing: /home/wangkun/z1_ros2_ws/install/z1_hardware_interface/share/z1_hardware_interface/environment/ament_prefix_path.sh\n'}
[255.615665] (z1_hardware_interface) StdoutLine: {'line': b'-- Installing: /home/wangkun/z1_ros2_ws/install/z1_hardware_interface/share/z1_hardware_interface/environment/ament_prefix_path.dsv\n'}
[255.615767] (z1_hardware_interface) StdoutLine: {'line': b'-- Installing: /home/wangkun/z1_ros2_ws/install/z1_hardware_interface/share/z1_hardware_interface/environment/path.sh\n'}
[255.615851] (z1_hardware_interface) StdoutLine: {'line': b'-- Installing: /home/wangkun/z1_ros2_ws/install/z1_hardware_interface/share/z1_hardware_interface/environment/path.dsv\n'}
[255.615992] (z1_hardware_interface) StdoutLine: {'line': b'-- Installing: /home/wangkun/z1_ros2_ws/install/z1_hardware_interface/share/z1_hardware_interface/local_setup.bash\n'}
[255.616081] (z1_hardware_interface) StdoutLine: {'line': b'-- Installing: /home/wangkun/z1_ros2_ws/install/z1_hardware_interface/share/z1_hardware_interface/local_setup.sh\n'}
[255.616432] (z1_hardware_interface) StdoutLine: {'line': b'-- Installing: /home/wangkun/z1_ros2_ws/install/z1_hardware_interface/share/z1_hardware_interface/local_setup.zsh\n'}
[255.616618] (z1_hardware_interface) StdoutLine: {'line': b'-- Installing: /home/wangkun/z1_ros2_ws/install/z1_hardware_interface/share/z1_hardware_interface/local_setup.dsv\n'}
[255.616940] (z1_hardware_interface) StdoutLine: {'line': b'-- Installing: /home/wangkun/z1_ros2_ws/install/z1_hardware_interface/share/z1_hardware_interface/package.dsv\n'}
[255.617398] (z1_hardware_interface) StdoutLine: {'line': b'-- Installing: /home/wangkun/z1_ros2_ws/install/z1_hardware_interface/share/ament_index/resource_index/packages/z1_hardware_interface\n'}
[255.618607] (z1_hardware_interface) StdoutLine: {'line': b'-- Installing: /home/wangkun/z1_ros2_ws/install/z1_hardware_interface/share/ament_index/resource_index/hardware_interface__pluginlib__plugin/z1_hardware_interface\n'}
[255.619075] (z1_hardware_interface) StdoutLine: {'line': b'-- Installing: /home/wangkun/z1_ros2_ws/install/z1_hardware_interface/share/z1_hardware_interface/cmake/export_z1_hardware_interfaceExport.cmake\n'}
[255.619599] (z1_hardware_interface) StdoutLine: {'line': b'-- Installing: /home/wangkun/z1_ros2_ws/install/z1_hardware_interface/share/z1_hardware_interface/cmake/export_z1_hardware_interfaceExport-release.cmake\n'}
[255.619872] (z1_hardware_interface) StdoutLine: {'line': b'-- Installing: /home/wangkun/z1_ros2_ws/install/z1_hardware_interface/share/z1_hardware_interface/cmake/ament_cmake_export_targets-extras.cmake\n'}
[255.620184] (z1_hardware_interface) StdoutLine: {'line': b'-- Installing: /home/wangkun/z1_ros2_ws/install/z1_hardware_interface/share/z1_hardware_interface/cmake/ament_cmake_export_dependencies-extras.cmake\n'}
[255.620892] (z1_hardware_interface) StdoutLine: {'line': b'-- Installing: /home/wangkun/z1_ros2_ws/install/z1_hardware_interface/share/z1_hardware_interface/cmake/z1_hardware_interfaceConfig.cmake\n'}
[255.621082] (z1_hardware_interface) StdoutLine: {'line': b'-- Installing: /home/wangkun/z1_ros2_ws/install/z1_hardware_interface/share/z1_hardware_interface/cmake/z1_hardware_interfaceConfig-version.cmake\n'}
[255.621215] (z1_hardware_interface) StdoutLine: {'line': b'-- Installing: /home/wangkun/z1_ros2_ws/install/z1_hardware_interface/share/z1_hardware_interface/package.xml\n'}
[255.631731] (z1_hardware_interface) CommandEnded: {'returncode': 0}
[255.634249] (-) TimerEvent: {}
[255.658536] (z1_hardware_interface) JobEnded: {'identifier': 'z1_hardware_interface', 'rc': 0}
[255.665129] (z1_bringup) JobStarted: {'identifier': 'z1_bringup'}
[255.688845] (z1_bringup) JobProgress: {'identifier': 'z1_bringup', 'progress': 'cmake'}
[255.691306] (z1_bringup) Command: {'cmd': ['/usr/bin/cmake', '/home/wangkun/z1_ros2_ws/src/z1_ros2/z1_bringup', '-DCMAKE_BUILD_TYPE=Release', '-DCMAKE_INSTALL_PREFIX=/home/wangkun/z1_ros2_ws/install/z1_bringup'], 'cwd': '/home/wangkun/z1_ros2_ws/build/z1_bringup', 'env': OrderedDict([('LESSOPEN', '| /usr/bin/lesspipe %s'), ('LANGUAGE', 'zh_CN:en_US:en'), ('USER', 'wangkun'), ('LC_TIME', 'zh_CN.UTF-8'), ('XDG_SESSION_TYPE', 'x11'), ('SHLVL', '1'), ('LD_LIBRARY_PATH', '/home/wangkun/z1_ros2_ws/install/z1_hardware_interface/lib:/opt/ros/humble/opt/rviz_ogre_vendor/lib:/opt/ros/humble/lib/x86_64-linux-gnu:/opt/ros/humble/lib'), ('HOME', '/home/wangkun'), ('OLDPWD', '/home/wangkun/z1_ros2_ws/src'), ('DESKTOP_SESSION', 'ubuntu'), ('NVM_BIN', '/home/wangkun/.nvm/versions/node/v22.23.2/bin'), ('NVM_INC', '/home/wangkun/.nvm/versions/node/v22.23.2/include/node'), ('ROS_PYTHON_VERSION', '3'), ('GNOME_SHELL_SESSION_MODE', 'ubuntu'), ('GTK_MODULES', 'gail:atk-bridge'), ('LC_MONETARY', 'zh_CN.UTF-8'), ('MANAGERPID', '1116'), ('SYSTEMD_EXEC_PID', '1639'), ('DBUS_SESSION_BUS_ADDRESS', 'unix:path=/run/user/1000/bus'), ('COLORTERM', 'truecolor'), ('GIO_LAUNCHED_DESKTOP_FILE_PID', '2990'), ('NVM_DIR', '/home/wangkun/.nvm'), ('IM_CONFIG_PHASE', '1'), ('ROS_DISTRO', 'humble'), ('GTK_IM_MODULE', 'fcitx'), ('LOGNAME', 'wangkun'), ('JOURNAL_STREAM', '8:22053'), ('_', '/usr/bin/colcon'), ('ROS_VERSION', '2'), ('XDG_SESSION_CLASS', 'user'), ('USERNAME', 'wangkun'), ('TERM', 'xterm-256color'), ('GNOME_DESKTOP_SESSION_ID', 'this-is-deprecated'), ('ROS_LOCALHOST_ONLY', '0'), ('WINDOWPATH', '2'), ('PATH', '/home/wangkun/.nvm/versions/node/v22.23.2/bin:/opt/ros/humble/bin:/usr/local/sbin:/usr/local/bin:/usr/sbin:/usr/bin:/sbin:/bin:/usr/games:/usr/local/games:/snap/bin:/snap/bin'), ('SESSION_MANAGER', 'local/wangkun-virtual-machine:@/tmp/.ICE-unix/1397,unix/wangkun-virtual-machine:/tmp/.ICE-unix/1397'), ('INVOCATION_ID', '5fcec56be8f64feb8e4f999f251ebfb8'), ('PAPERSIZE', 'a4'), ('XDG_MENU_PREFIX', 'gnome-'), ('LC_ADDRESS', 'zh_CN.UTF-8'), ('XDG_RUNTIME_DIR', '/run/user/1000'), ('DISPLAY', ':0'), ('LANG', 'zh_CN.UTF-8'), ('XDG_CURRENT_DESKTOP', 'ubuntu:GNOME'), ('LC_TELEPHONE', 'zh_CN.UTF-8'), ('TILIX_ID', 'd4e4dedd-2900-4e6a-b355-84d5a569ff96'), ('XMODIFIERS', '@im=fcitx'), ('XDG_SESSION_DESKTOP', 'ubuntu'), ('XAUTHORITY', '/run/user/1000/gdm/Xauthority'), ('LS_COLORS', 'rs=0:di=01;34:ln=01;36:mh=00:pi=40;33:so=01;35:do=01;35:bd=40;33;01:cd=40;33;01:or=40;31;01:mi=00:su=37;41:sg=30;43:ca=30;41:tw=30;42:ow=34;42:st=37;44:ex=01;32:*.tar=01;31:*.tgz=01;31:*.arc=01;31:*.arj=01;31:*.taz=01;31:*.lha=01;31:*.lz4=01;31:*.lzh=01;31:*.lzma=01;31:*.tlz=01;31:*.txz=01;31:*.tzo=01;31:*.t7z=01;31:*.zip=01;31:*.z=01;31:*.dz=01;31:*.gz=01;31:*.lrz=01;31:*.lz=01;31:*.lzo=01;31:*.xz=01;31:*.zst=01;31:*.tzst=01;31:*.bz2=01;31:*.bz=01;31:*.tbz=01;31:*.tbz2=01;31:*.tz=01;31:*.deb=01;31:*.rpm=01;31:*.jar=01;31:*.war=01;31:*.ear=01;31:*.sar=01;31:*.rar=01;31:*.alz=01;31:*.ace=01;31:*.zoo=01;31:*.cpio=01;31:*.7z=01;31:*.rz=01;31:*.cab=01;31:*.wim=01;31:*.swm=01;31:*.dwm=01;31:*.esd=01;31:*.jpg=01;35:*.jpeg=01;35:*.mjpg=01;35:*.mjpeg=01;35:*.gif=01;35:*.bmp=01;35:*.pbm=01;35:*.pgm=01;35:*.ppm=01;35:*.tga=01;35:*.xbm=01;35:*.xpm=01;35:*.tif=01;35:*.tiff=01;35:*.png=01;35:*.svg=01;35:*.svgz=01;35:*.mng=01;35:*.pcx=01;35:*.mov=01;35:*.mpg=01;35:*.mpeg=01;35:*.m2v=01;35:*.mkv=01;35:*.webm=01;35:*.webp=01;35:*.ogm=01;35:*.mp4=01;35:*.m4v=01;35:*.mp4v=01;35:*.vob=01;35:*.qt=01;35:*.nuv=01;35:*.wmv=01;35:*.asf=01;35:*.rm=01;35:*.rmvb=01;35:*.flc=01;35:*.avi=01;35:*.fli=01;35:*.flv=01;35:*.gl=01;35:*.dl=01;35:*.xcf=01;35:*.xwd=01;35:*.yuv=01;35:*.cgm=01;35:*.emf=01;35:*.ogv=01;35:*.ogx=01;35:*.aac=00;36:*.au=00;36:*.flac=00;36:*.m4a=00;36:*.mid=00;36:*.midi=00;36:*.mka=00;36:*.mp3=00;36:*.mpc=00;36:*.ogg=00;36:*.ra=00;36:*.wav=00;36:*.oga=00;36:*.opus=00;36:*.spx=00;36:*.xspf=00;36:'), ('SSH_AGENT_LAUNCHER', 'gnome-keyring'), ('SSH_AUTH_SOCK', '/run/user/1000/keyring/ssh'), ('AMENT_PREFIX_PATH', '/home/wangkun/z1_ros2_ws/install/z1_hardware_interface:/home/wangkun/z1_ros2_ws/install/z1_description:/opt/ros/humble'), ('SHELL', '/bin/bash'), ('LC_NAME', 'zh_CN.UTF-8'), ('QT_ACCESSIBILITY', '1'), ('GDMSESSION', 'ubuntu'), ('LESSCLOSE', '/usr/bin/lesspipe %s %s'), ('LC_MEASUREMENT', 'zh_CN.UTF-8'), ('GPG_AGENT_INFO', '/run/user/1000/gnupg/S.gpg-agent:0:1'), ('LC_IDENTIFICATION', 'zh_CN.UTF-8'), ('QT_IM_MODULE', 'fcitx'), ('PWD', '/home/wangkun/z1_ros2_ws/build/z1_bringup'), ('LC_ALL', 'en_US.UTF-8'), ('XDG_CONFIG_DIRS', '/etc/xdg/xdg-ubuntu:/etc/xdg'), ('CLUTTER_IM_MODULE', 'fcitx'), ('NVM_CD_FLAGS', ''), ('XDG_DATA_DIRS', '/usr/share/ubuntu:/usr/share/gnome:/usr/local/share/:/usr/share/:/var/lib/snapd/desktop'), ('PYTHONPATH', '/opt/ros/humble/lib/python3.10/site-packages:/opt/ros/humble/local/lib/python3.10/dist-packages'), ('LC_NUMERIC', 'zh_CN.UTF-8'), ('LC_PAPER', 'zh_CN.UTF-8'), ('COLCON', '1'), ('VTE_VERSION', '6800'), ('CMAKE_PREFIX_PATH', '/home/wangkun/z1_ros2_ws/install/z1_hardware_interface:/home/wangkun/z1_ros2_ws/install/z1_description:/opt/ros/humble')]), 'shell': False}
[255.736332] (-) TimerEvent: {}
[255.837370] (-) TimerEvent: {}
[255.902571] (z1_bringup) StdoutLine: {'line': b'-- The C compiler identification is GNU 11.4.0\n'}
[255.938558] (-) TimerEvent: {}
[256.041455] (-) TimerEvent: {}
[256.078942] (z1_bringup) StdoutLine: {'line': b'-- The CXX compiler identification is GNU 11.4.0\n'}
[256.101683] (z1_bringup) StdoutLine: {'line': b'-- Detecting C compiler ABI info\n'}
[256.141897] (-) TimerEvent: {}
[256.249824] (-) TimerEvent: {}
[256.351510] (-) TimerEvent: {}
[256.375307] (z1_bringup) StdoutLine: {'line': b'-- Detecting C compiler ABI info - done\n'}
[256.395656] (z1_bringup) StdoutLine: {'line': b'-- Check for working C compiler: /usr/bin/cc - skipped\n'}
[256.397155] (z1_bringup) StdoutLine: {'line': b'-- Detecting C compile features\n'}
[256.398822] (z1_bringup) StdoutLine: {'line': b'-- Detecting C compile features - done\n'}
[256.404614] (z1_bringup) StdoutLine: {'line': b'-- Detecting CXX compiler ABI info\n'}
[256.452350] (-) TimerEvent: {}
[256.553311] (-) TimerEvent: {}
[256.654828] (-) TimerEvent: {}
[256.660026] (z1_bringup) StdoutLine: {'line': b'-- Detecting CXX compiler ABI info - done\n'}
[256.674096] (z1_bringup) StdoutLine: {'line': b'-- Check for working CXX compiler: /usr/bin/c++ - skipped\n'}
[256.674776] (z1_bringup) StdoutLine: {'line': b'-- Detecting CXX compile features\n'}
[256.680640] (z1_bringup) StdoutLine: {'line': b'-- Detecting CXX compile features - done\n'}
[256.686995] (z1_bringup) StdoutLine: {'line': b'-- Found ament_cmake: 1.3.14 (/opt/ros/humble/share/ament_cmake/cmake)\n'}
[256.755597] (-) TimerEvent: {}
[256.856492] (-) TimerEvent: {}
[256.957272] (-) TimerEvent: {}
[256.973475] (z1_bringup) StdoutLine: {'line': b'-- Found Python3: /usr/bin/python3 (found version "3.10.12") found components: Interpreter \n'}
[257.057666] (-) TimerEvent: {}
[257.159253] (-) TimerEvent: {}
[257.260358] (-) TimerEvent: {}
[257.333559] (z1_bringup) StdoutLine: {'line': b'-- Configuring done\n'}
[257.342060] (z1_bringup) StdoutLine: {'line': b'-- Generating done\n'}
[257.347579] (z1_bringup) StdoutLine: {'line': b'-- Build files have been written to: /home/wangkun/z1_ros2_ws/build/z1_bringup\n'}
[257.356651] (z1_bringup) CommandEnded: {'returncode': 0}
[257.357499] (z1_bringup) JobProgress: {'identifier': 'z1_bringup', 'progress': 'build'}
[257.357764] (z1_bringup) Command: {'cmd': ['/usr/bin/cmake', '--build', '/home/wangkun/z1_ros2_ws/build/z1_bringup', '--', '-j2', '-l2'], 'cwd': '/home/wangkun/z1_ros2_ws/build/z1_bringup', 'env': OrderedDict([('LESSOPEN', '| /usr/bin/lesspipe %s'), ('LANGUAGE', 'zh_CN:en_US:en'), ('USER', 'wangkun'), ('LC_TIME', 'zh_CN.UTF-8'), ('XDG_SESSION_TYPE', 'x11'), ('SHLVL', '1'), ('LD_LIBRARY_PATH', '/home/wangkun/z1_ros2_ws/install/z1_hardware_interface/lib:/opt/ros/humble/opt/rviz_ogre_vendor/lib:/opt/ros/humble/lib/x86_64-linux-gnu:/opt/ros/humble/lib'), ('HOME', '/home/wangkun'), ('OLDPWD', '/home/wangkun/z1_ros2_ws/src'), ('DESKTOP_SESSION', 'ubuntu'), ('NVM_BIN', '/home/wangkun/.nvm/versions/node/v22.23.2/bin'), ('NVM_INC', '/home/wangkun/.nvm/versions/node/v22.23.2/include/node'), ('ROS_PYTHON_VERSION', '3'), ('GNOME_SHELL_SESSION_MODE', 'ubuntu'), ('GTK_MODULES', 'gail:atk-bridge'), ('LC_MONETARY', 'zh_CN.UTF-8'), ('MANAGERPID', '1116'), ('SYSTEMD_EXEC_PID', '1639'), ('DBUS_SESSION_BUS_ADDRESS', 'unix:path=/run/user/1000/bus'), ('COLORTERM', 'truecolor'), ('GIO_LAUNCHED_DESKTOP_FILE_PID', '2990'), ('NVM_DIR', '/home/wangkun/.nvm'), ('IM_CONFIG_PHASE', '1'), ('ROS_DISTRO', 'humble'), ('GTK_IM_MODULE', 'fcitx'), ('LOGNAME', 'wangkun'), ('JOURNAL_STREAM', '8:22053'), ('_', '/usr/bin/colcon'), ('ROS_VERSION', '2'), ('XDG_SESSION_CLASS', 'user'), ('USERNAME', 'wangkun'), ('TERM', 'xterm-256color'), ('GNOME_DESKTOP_SESSION_ID', 'this-is-deprecated'), ('ROS_LOCALHOST_ONLY', '0'), ('WINDOWPATH', '2'), ('PATH', '/home/wangkun/.nvm/versions/node/v22.23.2/bin:/opt/ros/humble/bin:/usr/local/sbin:/usr/local/bin:/usr/sbin:/usr/bin:/sbin:/bin:/usr/games:/usr/local/games:/snap/bin:/snap/bin'), ('SESSION_MANAGER', 'local/wangkun-virtual-machine:@/tmp/.ICE-unix/1397,unix/wangkun-virtual-machine:/tmp/.ICE-unix/1397'), ('INVOCATION_ID', '5fcec56be8f64feb8e4f999f251ebfb8'), ('PAPERSIZE', 'a4'), ('XDG_MENU_PREFIX', 'gnome-'), ('LC_ADDRESS', 'zh_CN.UTF-8'), ('XDG_RUNTIME_DIR', '/run/user/1000'), ('DISPLAY', ':0'), ('LANG', 'zh_CN.UTF-8'), ('XDG_CURRENT_DESKTOP', 'ubuntu:GNOME'), ('LC_TELEPHONE', 'zh_CN.UTF-8'), ('TILIX_ID', 'd4e4dedd-2900-4e6a-b355-84d5a569ff96'), ('XMODIFIERS', '@im=fcitx'), ('XDG_SESSION_DESKTOP', 'ubuntu'), ('XAUTHORITY', '/run/user/1000/gdm/Xauthority'), ('LS_COLORS', 'rs=0:di=01;34:ln=01;36:mh=00:pi=40;33:so=01;35:do=01;35:bd=40;33;01:cd=40;33;01:or=40;31;01:mi=00:su=37;41:sg=30;43:ca=30;41:tw=30;42:ow=34;42:st=37;44:ex=01;32:*.tar=01;31:*.tgz=01;31:*.arc=01;31:*.arj=01;31:*.taz=01;31:*.lha=01;31:*.lz4=01;31:*.lzh=01;31:*.lzma=01;31:*.tlz=01;31:*.txz=01;31:*.tzo=01;31:*.t7z=01;31:*.zip=01;31:*.z=01;31:*.dz=01;31:*.gz=01;31:*.lrz=01;31:*.lz=01;31:*.lzo=01;31:*.xz=01;31:*.zst=01;31:*.tzst=01;31:*.bz2=01;31:*.bz=01;31:*.tbz=01;31:*.tbz2=01;31:*.tz=01;31:*.deb=01;31:*.rpm=01;31:*.jar=01;31:*.war=01;31:*.ear=01;31:*.sar=01;31:*.rar=01;31:*.alz=01;31:*.ace=01;31:*.zoo=01;31:*.cpio=01;31:*.7z=01;31:*.rz=01;31:*.cab=01;31:*.wim=01;31:*.swm=01;31:*.dwm=01;31:*.esd=01;31:*.jpg=01;35:*.jpeg=01;35:*.mjpg=01;35:*.mjpeg=01;35:*.gif=01;35:*.bmp=01;35:*.pbm=01;35:*.pgm=01;35:*.ppm=01;35:*.tga=01;35:*.xbm=01;35:*.xpm=01;35:*.tif=01;35:*.tiff=01;35:*.png=01;35:*.svg=01;35:*.svgz=01;35:*.mng=01;35:*.pcx=01;35:*.mov=01;35:*.mpg=01;35:*.mpeg=01;35:*.m2v=01;35:*.mkv=01;35:*.webm=01;35:*.webp=01;35:*.ogm=01;35:*.mp4=01;35:*.m4v=01;35:*.mp4v=01;35:*.vob=01;35:*.qt=01;35:*.nuv=01;35:*.wmv=01;35:*.asf=01;35:*.rm=01;35:*.rmvb=01;35:*.flc=01;35:*.avi=01;35:*.fli=01;35:*.flv=01;35:*.gl=01;35:*.dl=01;35:*.xcf=01;35:*.xwd=01;35:*.yuv=01;35:*.cgm=01;35:*.emf=01;35:*.ogv=01;35:*.ogx=01;35:*.aac=00;36:*.au=00;36:*.flac=00;36:*.m4a=00;36:*.mid=00;36:*.midi=00;36:*.mka=00;36:*.mp3=00;36:*.mpc=00;36:*.ogg=00;36:*.ra=00;36:*.wav=00;36:*.oga=00;36:*.opus=00;36:*.spx=00;36:*.xspf=00;36:'), ('SSH_AGENT_LAUNCHER', 'gnome-keyring'), ('SSH_AUTH_SOCK', '/run/user/1000/keyring/ssh'), ('AMENT_PREFIX_PATH', '/home/wangkun/z1_ros2_ws/install/z1_hardware_interface:/home/wangkun/z1_ros2_ws/install/z1_description:/opt/ros/humble'), ('SHELL', '/bin/bash'), ('LC_NAME', 'zh_CN.UTF-8'), ('QT_ACCESSIBILITY', '1'), ('GDMSESSION', 'ubuntu'), ('LESSCLOSE', '/usr/bin/lesspipe %s %s'), ('LC_MEASUREMENT', 'zh_CN.UTF-8'), ('GPG_AGENT_INFO', '/run/user/1000/gnupg/S.gpg-agent:0:1'), ('LC_IDENTIFICATION', 'zh_CN.UTF-8'), ('QT_IM_MODULE', 'fcitx'), ('PWD', '/home/wangkun/z1_ros2_ws/build/z1_bringup'), ('LC_ALL', 'en_US.UTF-8'), ('XDG_CONFIG_DIRS', '/etc/xdg/xdg-ubuntu:/etc/xdg'), ('CLUTTER_IM_MODULE', 'fcitx'), ('NVM_CD_FLAGS', ''), ('XDG_DATA_DIRS', '/usr/share/ubuntu:/usr/share/gnome:/usr/local/share/:/usr/share/:/var/lib/snapd/desktop'), ('PYTHONPATH', '/opt/ros/humble/lib/python3.10/site-packages:/opt/ros/humble/local/lib/python3.10/dist-packages'), ('LC_NUMERIC', 'zh_CN.UTF-8'), ('LC_PAPER', 'zh_CN.UTF-8'), ('COLCON', '1'), ('VTE_VERSION', '6800'), ('CMAKE_PREFIX_PATH', '/home/wangkun/z1_ros2_ws/install/z1_hardware_interface:/home/wangkun/z1_ros2_ws/install/z1_description:/opt/ros/humble')]), 'shell': False}
[257.363070] (-) TimerEvent: {}
[257.449233] (z1_bringup) CommandEnded: {'returncode': 0}
[257.449820] (z1_bringup) JobProgress: {'identifier': 'z1_bringup', 'progress': 'install'}
[257.449852] (z1_bringup) Command: {'cmd': ['/usr/bin/cmake', '--install', '/home/wangkun/z1_ros2_ws/build/z1_bringup'], 'cwd': '/home/wangkun/z1_ros2_ws/build/z1_bringup', 'env': OrderedDict([('LESSOPEN', '| /usr/bin/lesspipe %s'), ('LANGUAGE', 'zh_CN:en_US:en'), ('USER', 'wangkun'), ('LC_TIME', 'zh_CN.UTF-8'), ('XDG_SESSION_TYPE', 'x11'), ('SHLVL', '1'), ('LD_LIBRARY_PATH', '/home/wangkun/z1_ros2_ws/install/z1_hardware_interface/lib:/opt/ros/humble/opt/rviz_ogre_vendor/lib:/opt/ros/humble/lib/x86_64-linux-gnu:/opt/ros/humble/lib'), ('HOME', '/home/wangkun'), ('OLDPWD', '/home/wangkun/z1_ros2_ws/src'), ('DESKTOP_SESSION', 'ubuntu'), ('NVM_BIN', '/home/wangkun/.nvm/versions/node/v22.23.2/bin'), ('NVM_INC', '/home/wangkun/.nvm/versions/node/v22.23.2/include/node'), ('ROS_PYTHON_VERSION', '3'), ('GNOME_SHELL_SESSION_MODE', 'ubuntu'), ('GTK_MODULES', 'gail:atk-bridge'), ('LC_MONETARY', 'zh_CN.UTF-8'), ('MANAGERPID', '1116'), ('SYSTEMD_EXEC_PID', '1639'), ('DBUS_SESSION_BUS_ADDRESS', 'unix:path=/run/user/1000/bus'), ('COLORTERM', 'truecolor'), ('GIO_LAUNCHED_DESKTOP_FILE_PID', '2990'), ('NVM_DIR', '/home/wangkun/.nvm'), ('IM_CONFIG_PHASE', '1'), ('ROS_DISTRO', 'humble'), ('GTK_IM_MODULE', 'fcitx'), ('LOGNAME', 'wangkun'), ('JOURNAL_STREAM', '8:22053'), ('_', '/usr/bin/colcon'), ('ROS_VERSION', '2'), ('XDG_SESSION_CLASS', 'user'), ('USERNAME', 'wangkun'), ('TERM', 'xterm-256color'), ('GNOME_DESKTOP_SESSION_ID', 'this-is-deprecated'), ('ROS_LOCALHOST_ONLY', '0'), ('WINDOWPATH', '2'), ('PATH', '/home/wangkun/.nvm/versions/node/v22.23.2/bin:/opt/ros/humble/bin:/usr/local/sbin:/usr/local/bin:/usr/sbin:/usr/bin:/sbin:/bin:/usr/games:/usr/local/games:/snap/bin:/snap/bin'), ('SESSION_MANAGER', 'local/wangkun-virtual-machine:@/tmp/.ICE-unix/1397,unix/wangkun-virtual-machine:/tmp/.ICE-unix/1397'), ('INVOCATION_ID', '5fcec56be8f64feb8e4f999f251ebfb8'), ('PAPERSIZE', 'a4'), ('XDG_MENU_PREFIX', 'gnome-'), ('LC_ADDRESS', 'zh_CN.UTF-8'), ('XDG_RUNTIME_DIR', '/run/user/1000'), ('DISPLAY', ':0'), ('LANG', 'zh_CN.UTF-8'), ('XDG_CURRENT_DESKTOP', 'ubuntu:GNOME'), ('LC_TELEPHONE', 'zh_CN.UTF-8'), ('TILIX_ID', 'd4e4dedd-2900-4e6a-b355-84d5a569ff96'), ('XMODIFIERS', '@im=fcitx'), ('XDG_SESSION_DESKTOP', 'ubuntu'), ('XAUTHORITY', '/run/user/1000/gdm/Xauthority'), ('LS_COLORS', 'rs=0:di=01;34:ln=01;36:mh=00:pi=40;33:so=01;35:do=01;35:bd=40;33;01:cd=40;33;01:or=40;31;01:mi=00:su=37;41:sg=30;43:ca=30;41:tw=30;42:ow=34;42:st=37;44:ex=01;32:*.tar=01;31:*.tgz=01;31:*.arc=01;31:*.arj=01;31:*.taz=01;31:*.lha=01;31:*.lz4=01;31:*.lzh=01;31:*.lzma=01;31:*.tlz=01;31:*.txz=01;31:*.tzo=01;31:*.t7z=01;31:*.zip=01;31:*.z=01;31:*.dz=01;31:*.gz=01;31:*.lrz=01;31:*.lz=01;31:*.lzo=01;31:*.xz=01;31:*.zst=01;31:*.tzst=01;31:*.bz2=01;31:*.bz=01;31:*.tbz=01;31:*.tbz2=01;31:*.tz=01;31:*.deb=01;31:*.rpm=01;31:*.jar=01;31:*.war=01;31:*.ear=01;31:*.sar=01;31:*.rar=01;31:*.alz=01;31:*.ace=01;31:*.zoo=01;31:*.cpio=01;31:*.7z=01;31:*.rz=01;31:*.cab=01;31:*.wim=01;31:*.swm=01;31:*.dwm=01;31:*.esd=01;31:*.jpg=01;35:*.jpeg=01;35:*.mjpg=01;35:*.mjpeg=01;35:*.gif=01;35:*.bmp=01;35:*.pbm=01;35:*.pgm=01;35:*.ppm=01;35:*.tga=01;35:*.xbm=01;35:*.xpm=01;35:*.tif=01;35:*.tiff=01;35:*.png=01;35:*.svg=01;35:*.svgz=01;35:*.mng=01;35:*.pcx=01;35:*.mov=01;35:*.mpg=01;35:*.mpeg=01;35:*.m2v=01;35:*.mkv=01;35:*.webm=01;35:*.webp=01;35:*.ogm=01;35:*.mp4=01;35:*.m4v=01;35:*.mp4v=01;35:*.vob=01;35:*.qt=01;35:*.nuv=01;35:*.wmv=01;35:*.asf=01;35:*.rm=01;35:*.rmvb=01;35:*.flc=01;35:*.avi=01;35:*.fli=01;35:*.flv=01;35:*.gl=01;35:*.dl=01;35:*.xcf=01;35:*.xwd=01;35:*.yuv=01;35:*.cgm=01;35:*.emf=01;35:*.ogv=01;35:*.ogx=01;35:*.aac=00;36:*.au=00;36:*.flac=00;36:*.m4a=00;36:*.mid=00;36:*.midi=00;36:*.mka=00;36:*.mp3=00;36:*.mpc=00;36:*.ogg=00;36:*.ra=00;36:*.wav=00;36:*.oga=00;36:*.opus=00;36:*.spx=00;36:*.xspf=00;36:'), ('SSH_AGENT_LAUNCHER', 'gnome-keyring'), ('SSH_AUTH_SOCK', '/run/user/1000/keyring/ssh'), ('AMENT_PREFIX_PATH', '/home/wangkun/z1_ros2_ws/install/z1_hardware_interface:/home/wangkun/z1_ros2_ws/install/z1_description:/opt/ros/humble'), ('SHELL', '/bin/bash'), ('LC_NAME', 'zh_CN.UTF-8'), ('QT_ACCESSIBILITY', '1'), ('GDMSESSION', 'ubuntu'), ('LESSCLOSE', '/usr/bin/lesspipe %s %s'), ('LC_MEASUREMENT', 'zh_CN.UTF-8'), ('GPG_AGENT_INFO', '/run/user/1000/gnupg/S.gpg-agent:0:1'), ('LC_IDENTIFICATION', 'zh_CN.UTF-8'), ('QT_IM_MODULE', 'fcitx'), ('PWD', '/home/wangkun/z1_ros2_ws/build/z1_bringup'), ('LC_ALL', 'en_US.UTF-8'), ('XDG_CONFIG_DIRS', '/etc/xdg/xdg-ubuntu:/etc/xdg'), ('CLUTTER_IM_MODULE', 'fcitx'), ('NVM_CD_FLAGS', ''), ('XDG_DATA_DIRS', '/usr/share/ubuntu:/usr/share/gnome:/usr/local/share/:/usr/share/:/var/lib/snapd/desktop'), ('PYTHONPATH', '/opt/ros/humble/lib/python3.10/site-packages:/opt/ros/humble/local/lib/python3.10/dist-packages'), ('LC_NUMERIC', 'zh_CN.UTF-8'), ('LC_PAPER', 'zh_CN.UTF-8'), ('COLCON', '1'), ('VTE_VERSION', '6800'), ('CMAKE_PREFIX_PATH', '/home/wangkun/z1_ros2_ws/install/z1_hardware_interface:/home/wangkun/z1_ros2_ws/install/z1_description:/opt/ros/humble')]), 'shell': False}
[257.464455] (-) TimerEvent: {}
[257.465058] (z1_bringup) StdoutLine: {'line': b'-- Install configuration: "Release"\n'}
[257.466109] (z1_bringup) StdoutLine: {'line': b'-- Installing: /home/wangkun/z1_ros2_ws/install/z1_bringup/share/z1_bringup/launch\n'}
[257.466642] (z1_bringup) StdoutLine: {'line': b'-- Installing: /home/wangkun/z1_ros2_ws/install/z1_bringup/share/z1_bringup/launch/z1.launch.py\n'}
[257.468187] (z1_bringup) StdoutLine: {'line': b'-- Installing: /home/wangkun/z1_ros2_ws/install/z1_bringup/share/z1_bringup/config\n'}
[257.469853] (z1_bringup) StdoutLine: {'line': b'-- Installing: /home/wangkun/z1_ros2_ws/install/z1_bringup/share/z1_bringup/config/z1_controllers.yaml\n'}
[257.470626] (z1_bringup) StdoutLine: {'line': b'-- Installing: /home/wangkun/z1_ros2_ws/install/z1_bringup/share/z1_bringup/rviz\n'}
[257.471201] (z1_bringup) StdoutLine: {'line': b'-- Installing: /home/wangkun/z1_ros2_ws/install/z1_bringup/share/z1_bringup/rviz/z1.rviz\n'}
[257.476782] (z1_bringup) StdoutLine: {'line': b'-- Installing: /home/wangkun/z1_ros2_ws/install/z1_bringup/share/ament_index/resource_index/package_run_dependencies/z1_bringup\n'}
[257.477167] (z1_bringup) StdoutLine: {'line': b'-- Installing: /home/wangkun/z1_ros2_ws/install/z1_bringup/share/ament_index/resource_index/parent_prefix_path/z1_bringup\n'}
[257.477502] (z1_bringup) StdoutLine: {'line': b'-- Installing: /home/wangkun/z1_ros2_ws/install/z1_bringup/share/z1_bringup/environment/ament_prefix_path.sh\n'}
[257.477601] (z1_bringup) StdoutLine: {'line': b'-- Installing: /home/wangkun/z1_ros2_ws/install/z1_bringup/share/z1_bringup/environment/ament_prefix_path.dsv\n'}
[257.477684] (z1_bringup) StdoutLine: {'line': b'-- Installing: /home/wangkun/z1_ros2_ws/install/z1_bringup/share/z1_bringup/environment/path.sh\n'}
[257.481667] (z1_bringup) StdoutLine: {'line': b'-- Installing: /home/wangkun/z1_ros2_ws/install/z1_bringup/share/z1_bringup/environment/path.dsv\n'}
[257.481889] (z1_bringup) StdoutLine: {'line': b'-- Installing: /home/wangkun/z1_ros2_ws/install/z1_bringup/share/z1_bringup/local_setup.bash\n'}
[257.482105] (z1_bringup) StdoutLine: {'line': b'-- Installing: /home/wangkun/z1_ros2_ws/install/z1_bringup/share/z1_bringup/local_setup.sh\n'}
[257.482180] (z1_bringup) StdoutLine: {'line': b'-- Installing: /home/wangkun/z1_ros2_ws/install/z1_bringup/share/z1_bringup/local_setup.zsh\n'}
[257.482241] (z1_bringup) StdoutLine: {'line': b'-- Installing: /home/wangkun/z1_ros2_ws/install/z1_bringup/share/z1_bringup/local_setup.dsv\n'}
[257.482297] (z1_bringup) StdoutLine: {'line': b'-- Installing: /home/wangkun/z1_ros2_ws/install/z1_bringup/share/z1_bringup/package.dsv\n'}
[257.482352] (z1_bringup) StdoutLine: {'line': b'-- Installing: /home/wangkun/z1_ros2_ws/install/z1_bringup/share/ament_index/resource_index/packages/z1_bringup\n'}
[257.482406] (z1_bringup) StdoutLine: {'line': b'-- Installing: /home/wangkun/z1_ros2_ws/install/z1_bringup/share/z1_bringup/cmake/z1_bringupConfig.cmake\n'}
[257.482494] (z1_bringup) StdoutLine: {'line': b'-- Installing: /home/wangkun/z1_ros2_ws/install/z1_bringup/share/z1_bringup/cmake/z1_bringupConfig-version.cmake\n'}
[257.482557] (z1_bringup) StdoutLine: {'line': b'-- Installing: /home/wangkun/z1_ros2_ws/install/z1_bringup/share/z1_bringup/package.xml\n'}
[257.485558] (z1_bringup) CommandEnded: {'returncode': 0}
[257.508191] (z1_bringup) JobEnded: {'identifier': 'z1_bringup', 'rc': 0}
[257.514764] (z1_examples) JobStarted: {'identifier': 'z1_examples'}
[257.528961] (z1_examples) JobProgress: {'identifier': 'z1_examples', 'progress': 'cmake'}
[257.530819] (z1_examples) Command: {'cmd': ['/usr/bin/cmake', '/home/wangkun/z1_ros2_ws/src/z1_ros2/z1_examples', '-DCMAKE_BUILD_TYPE=Release', '-DCMAKE_INSTALL_PREFIX=/home/wangkun/z1_ros2_ws/install/z1_examples'], 'cwd': '/home/wangkun/z1_ros2_ws/build/z1_examples', 'env': OrderedDict([('LESSOPEN', '| /usr/bin/lesspipe %s'), ('LANGUAGE', 'zh_CN:en_US:en'), ('USER', 'wangkun'), ('LC_TIME', 'zh_CN.UTF-8'), ('XDG_SESSION_TYPE', 'x11'), ('SHLVL', '1'), ('LD_LIBRARY_PATH', '/home/wangkun/z1_ros2_ws/install/z1_hardware_interface/lib:/opt/ros/humble/opt/rviz_ogre_vendor/lib:/opt/ros/humble/lib/x86_64-linux-gnu:/opt/ros/humble/lib'), ('HOME', '/home/wangkun'), ('OLDPWD', '/home/wangkun/z1_ros2_ws/src'), ('DESKTOP_SESSION', 'ubuntu'), ('NVM_BIN', '/home/wangkun/.nvm/versions/node/v22.23.2/bin'), ('NVM_INC', '/home/wangkun/.nvm/versions/node/v22.23.2/include/node'), ('ROS_PYTHON_VERSION', '3'), ('GNOME_SHELL_SESSION_MODE', 'ubuntu'), ('GTK_MODULES', 'gail:atk-bridge'), ('LC_MONETARY', 'zh_CN.UTF-8'), ('MANAGERPID', '1116'), ('SYSTEMD_EXEC_PID', '1639'), ('DBUS_SESSION_BUS_ADDRESS', 'unix:path=/run/user/1000/bus'), ('COLORTERM', 'truecolor'), ('GIO_LAUNCHED_DESKTOP_FILE_PID', '2990'), ('NVM_DIR', '/home/wangkun/.nvm'), ('IM_CONFIG_PHASE', '1'), ('ROS_DISTRO', 'humble'), ('GTK_IM_MODULE', 'fcitx'), ('LOGNAME', 'wangkun'), ('JOURNAL_STREAM', '8:22053'), ('_', '/usr/bin/colcon'), ('ROS_VERSION', '2'), ('XDG_SESSION_CLASS', 'user'), ('USERNAME', 'wangkun'), ('TERM', 'xterm-256color'), ('GNOME_DESKTOP_SESSION_ID', 'this-is-deprecated'), ('ROS_LOCALHOST_ONLY', '0'), ('WINDOWPATH', '2'), ('PATH', '/home/wangkun/.nvm/versions/node/v22.23.2/bin:/opt/ros/humble/bin:/usr/local/sbin:/usr/local/bin:/usr/sbin:/usr/bin:/sbin:/bin:/usr/games:/usr/local/games:/snap/bin:/snap/bin'), ('SESSION_MANAGER', 'local/wangkun-virtual-machine:@/tmp/.ICE-unix/1397,unix/wangkun-virtual-machine:/tmp/.ICE-unix/1397'), ('INVOCATION_ID', '5fcec56be8f64feb8e4f999f251ebfb8'), ('PAPERSIZE', 'a4'), ('XDG_MENU_PREFIX', 'gnome-'), ('LC_ADDRESS', 'zh_CN.UTF-8'), ('XDG_RUNTIME_DIR', '/run/user/1000'), ('DISPLAY', ':0'), ('LANG', 'zh_CN.UTF-8'), ('XDG_CURRENT_DESKTOP', 'ubuntu:GNOME'), ('LC_TELEPHONE', 'zh_CN.UTF-8'), ('TILIX_ID', 'd4e4dedd-2900-4e6a-b355-84d5a569ff96'), ('XMODIFIERS', '@im=fcitx'), ('XDG_SESSION_DESKTOP', 'ubuntu'), ('XAUTHORITY', '/run/user/1000/gdm/Xauthority'), ('LS_COLORS', 'rs=0:di=01;34:ln=01;36:mh=00:pi=40;33:so=01;35:do=01;35:bd=40;33;01:cd=40;33;01:or=40;31;01:mi=00:su=37;41:sg=30;43:ca=30;41:tw=30;42:ow=34;42:st=37;44:ex=01;32:*.tar=01;31:*.tgz=01;31:*.arc=01;31:*.arj=01;31:*.taz=01;31:*.lha=01;31:*.lz4=01;31:*.lzh=01;31:*.lzma=01;31:*.tlz=01;31:*.txz=01;31:*.tzo=01;31:*.t7z=01;31:*.zip=01;31:*.z=01;31:*.dz=01;31:*.gz=01;31:*.lrz=01;31:*.lz=01;31:*.lzo=01;31:*.xz=01;31:*.zst=01;31:*.tzst=01;31:*.bz2=01;31:*.bz=01;31:*.tbz=01;31:*.tbz2=01;31:*.tz=01;31:*.deb=01;31:*.rpm=01;31:*.jar=01;31:*.war=01;31:*.ear=01;31:*.sar=01;31:*.rar=01;31:*.alz=01;31:*.ace=01;31:*.zoo=01;31:*.cpio=01;31:*.7z=01;31:*.rz=01;31:*.cab=01;31:*.wim=01;31:*.swm=01;31:*.dwm=01;31:*.esd=01;31:*.jpg=01;35:*.jpeg=01;35:*.mjpg=01;35:*.mjpeg=01;35:*.gif=01;35:*.bmp=01;35:*.pbm=01;35:*.pgm=01;35:*.ppm=01;35:*.tga=01;35:*.xbm=01;35:*.xpm=01;35:*.tif=01;35:*.tiff=01;35:*.png=01;35:*.svg=01;35:*.svgz=01;35:*.mng=01;35:*.pcx=01;35:*.mov=01;35:*.mpg=01;35:*.mpeg=01;35:*.m2v=01;35:*.mkv=01;35:*.webm=01;35:*.webp=01;35:*.ogm=01;35:*.mp4=01;35:*.m4v=01;35:*.mp4v=01;35:*.vob=01;35:*.qt=01;35:*.nuv=01;35:*.wmv=01;35:*.asf=01;35:*.rm=01;35:*.rmvb=01;35:*.flc=01;35:*.avi=01;35:*.fli=01;35:*.flv=01;35:*.gl=01;35:*.dl=01;35:*.xcf=01;35:*.xwd=01;35:*.yuv=01;35:*.cgm=01;35:*.emf=01;35:*.ogv=01;35:*.ogx=01;35:*.aac=00;36:*.au=00;36:*.flac=00;36:*.m4a=00;36:*.mid=00;36:*.midi=00;36:*.mka=00;36:*.mp3=00;36:*.mpc=00;36:*.ogg=00;36:*.ra=00;36:*.wav=00;36:*.oga=00;36:*.opus=00;36:*.spx=00;36:*.xspf=00;36:'), ('SSH_AGENT_LAUNCHER', 'gnome-keyring'), ('SSH_AUTH_SOCK', '/run/user/1000/keyring/ssh'), ('AMENT_PREFIX_PATH', '/home/wangkun/z1_ros2_ws/install/z1_bringup:/home/wangkun/z1_ros2_ws/install/z1_hardware_interface:/home/wangkun/z1_ros2_ws/install/z1_description:/opt/ros/humble'), ('SHELL', '/bin/bash'), ('LC_NAME', 'zh_CN.UTF-8'), ('QT_ACCESSIBILITY', '1'), ('GDMSESSION', 'ubuntu'), ('LESSCLOSE', '/usr/bin/lesspipe %s %s'), ('LC_MEASUREMENT', 'zh_CN.UTF-8'), ('GPG_AGENT_INFO', '/run/user/1000/gnupg/S.gpg-agent:0:1'), ('LC_IDENTIFICATION', 'zh_CN.UTF-8'), ('QT_IM_MODULE', 'fcitx'), ('PWD', '/home/wangkun/z1_ros2_ws/build/z1_examples'), ('LC_ALL', 'en_US.UTF-8'), ('XDG_CONFIG_DIRS', '/etc/xdg/xdg-ubuntu:/etc/xdg'), ('CLUTTER_IM_MODULE', 'fcitx'), ('NVM_CD_FLAGS', ''), ('XDG_DATA_DIRS', '/usr/share/ubuntu:/usr/share/gnome:/usr/local/share/:/usr/share/:/var/lib/snapd/desktop'), ('PYTHONPATH', '/opt/ros/humble/lib/python3.10/site-packages:/opt/ros/humble/local/lib/python3.10/dist-packages'), ('LC_NUMERIC', 'zh_CN.UTF-8'), ('LC_PAPER', 'zh_CN.UTF-8'), ('COLCON', '1'), ('VTE_VERSION', '6800'), ('CMAKE_PREFIX_PATH', '/home/wangkun/z1_ros2_ws/install/z1_bringup:/home/wangkun/z1_ros2_ws/install/z1_hardware_interface:/home/wangkun/z1_ros2_ws/install/z1_description:/opt/ros/humble')]), 'shell': False}
[257.566202] (-) TimerEvent: {}
[257.648626] (z1_examples) StdoutLine: {'line': b'-- The C compiler identification is GNU 11.4.0\n'}
[257.666565] (-) TimerEvent: {}
[257.744440] (z1_examples) StdoutLine: {'line': b'-- The CXX compiler identification is GNU 11.4.0\n'}
[257.755931] (z1_examples) StdoutLine: {'line': b'-- Detecting C compiler ABI info\n'}
[257.767505] (-) TimerEvent: {}
[257.868388] (-) TimerEvent: {}
[257.919581] (z1_examples) StdoutLine: {'line': b'-- Detecting C compiler ABI info - done\n'}
[257.930178] (z1_examples) StdoutLine: {'line': b'-- Check for working C compiler: /usr/bin/cc - skipped\n'}
[257.930789] (z1_examples) StdoutLine: {'line': b'-- Detecting C compile features\n'}
[257.931189] (z1_examples) StdoutLine: {'line': b'-- Detecting C compile features - done\n'}
[257.936411] (z1_examples) StdoutLine: {'line': b'-- Detecting CXX compiler ABI info\n'}
[257.969053] (-) TimerEvent: {}
[258.070238] (-) TimerEvent: {}
[258.085080] (z1_examples) StdoutLine: {'line': b'-- Detecting CXX compiler ABI info - done\n'}
[258.094762] (z1_examples) StdoutLine: {'line': b'-- Check for working CXX compiler: /usr/bin/c++ - skipped\n'}
[258.096122] (z1_examples) StdoutLine: {'line': b'-- Detecting CXX compile features\n'}
[258.097996] (z1_examples) StdoutLine: {'line': b'-- Detecting CXX compile features - done\n'}
[258.103579] (z1_examples) StdoutLine: {'line': b'-- Found ament_cmake: 1.3.14 (/opt/ros/humble/share/ament_cmake/cmake)\n'}
[258.171045] (-) TimerEvent: {}
[258.271840] (-) TimerEvent: {}
[258.339434] (z1_examples) StdoutLine: {'line': b'-- Found Python3: /usr/bin/python3 (found version "3.10.12") found components: Interpreter \n'}
[258.372152] (-) TimerEvent: {}
[258.473954] (-) TimerEvent: {}
[258.539933] (z1_examples) StdoutLine: {'line': b'-- Found rclpy: 3.3.22 (/opt/ros/humble/share/rclpy/cmake)\n'}
[258.574550] (-) TimerEvent: {}
[258.676382] (-) TimerEvent: {}
[258.777603] (-) TimerEvent: {}
[258.797280] (z1_examples) StdoutLine: {'line': b'-- Configuring done\n'}
[258.809138] (z1_examples) StdoutLine: {'line': b'-- Generating done\n'}
[258.816816] (z1_examples) StdoutLine: {'line': b'-- Build files have been written to: /home/wangkun/z1_ros2_ws/build/z1_examples\n'}
[258.830899] (z1_examples) CommandEnded: {'returncode': 0}
[258.831628] (z1_examples) JobProgress: {'identifier': 'z1_examples', 'progress': 'build'}
[258.831667] (z1_examples) Command: {'cmd': ['/usr/bin/cmake', '--build', '/home/wangkun/z1_ros2_ws/build/z1_examples', '--', '-j2', '-l2'], 'cwd': '/home/wangkun/z1_ros2_ws/build/z1_examples', 'env': OrderedDict([('LESSOPEN', '| /usr/bin/lesspipe %s'), ('LANGUAGE', 'zh_CN:en_US:en'), ('USER', 'wangkun'), ('LC_TIME', 'zh_CN.UTF-8'), ('XDG_SESSION_TYPE', 'x11'), ('SHLVL', '1'), ('LD_LIBRARY_PATH', '/home/wangkun/z1_ros2_ws/install/z1_hardware_interface/lib:/opt/ros/humble/opt/rviz_ogre_vendor/lib:/opt/ros/humble/lib/x86_64-linux-gnu:/opt/ros/humble/lib'), ('HOME', '/home/wangkun'), ('OLDPWD', '/home/wangkun/z1_ros2_ws/src'), ('DESKTOP_SESSION', 'ubuntu'), ('NVM_BIN', '/home/wangkun/.nvm/versions/node/v22.23.2/bin'), ('NVM_INC', '/home/wangkun/.nvm/versions/node/v22.23.2/include/node'), ('ROS_PYTHON_VERSION', '3'), ('GNOME_SHELL_SESSION_MODE', 'ubuntu'), ('GTK_MODULES', 'gail:atk-bridge'), ('LC_MONETARY', 'zh_CN.UTF-8'), ('MANAGERPID', '1116'), ('SYSTEMD_EXEC_PID', '1639'), ('DBUS_SESSION_BUS_ADDRESS', 'unix:path=/run/user/1000/bus'), ('COLORTERM', 'truecolor'), ('GIO_LAUNCHED_DESKTOP_FILE_PID', '2990'), ('NVM_DIR', '/home/wangkun/.nvm'), ('IM_CONFIG_PHASE', '1'), ('ROS_DISTRO', 'humble'), ('GTK_IM_MODULE', 'fcitx'), ('LOGNAME', 'wangkun'), ('JOURNAL_STREAM', '8:22053'), ('_', '/usr/bin/colcon'), ('ROS_VERSION', '2'), ('XDG_SESSION_CLASS', 'user'), ('USERNAME', 'wangkun'), ('TERM', 'xterm-256color'), ('GNOME_DESKTOP_SESSION_ID', 'this-is-deprecated'), ('ROS_LOCALHOST_ONLY', '0'), ('WINDOWPATH', '2'), ('PATH', '/home/wangkun/.nvm/versions/node/v22.23.2/bin:/opt/ros/humble/bin:/usr/local/sbin:/usr/local/bin:/usr/sbin:/usr/bin:/sbin:/bin:/usr/games:/usr/local/games:/snap/bin:/snap/bin'), ('SESSION_MANAGER', 'local/wangkun-virtual-machine:@/tmp/.ICE-unix/1397,unix/wangkun-virtual-machine:/tmp/.ICE-unix/1397'), ('INVOCATION_ID', '5fcec56be8f64feb8e4f999f251ebfb8'), ('PAPERSIZE', 'a4'), ('XDG_MENU_PREFIX', 'gnome-'), ('LC_ADDRESS', 'zh_CN.UTF-8'), ('XDG_RUNTIME_DIR', '/run/user/1000'), ('DISPLAY', ':0'), ('LANG', 'zh_CN.UTF-8'), ('XDG_CURRENT_DESKTOP', 'ubuntu:GNOME'), ('LC_TELEPHONE', 'zh_CN.UTF-8'), ('TILIX_ID', 'd4e4dedd-2900-4e6a-b355-84d5a569ff96'), ('XMODIFIERS', '@im=fcitx'), ('XDG_SESSION_DESKTOP', 'ubuntu'), ('XAUTHORITY', '/run/user/1000/gdm/Xauthority'), ('LS_COLORS', 'rs=0:di=01;34:ln=01;36:mh=00:pi=40;33:so=01;35:do=01;35:bd=40;33;01:cd=40;33;01:or=40;31;01:mi=00:su=37;41:sg=30;43:ca=30;41:tw=30;42:ow=34;42:st=37;44:ex=01;32:*.tar=01;31:*.tgz=01;31:*.arc=01;31:*.arj=01;31:*.taz=01;31:*.lha=01;31:*.lz4=01;31:*.lzh=01;31:*.lzma=01;31:*.tlz=01;31:*.txz=01;31:*.tzo=01;31:*.t7z=01;31:*.zip=01;31:*.z=01;31:*.dz=01;31:*.gz=01;31:*.lrz=01;31:*.lz=01;31:*.lzo=01;31:*.xz=01;31:*.zst=01;31:*.tzst=01;31:*.bz2=01;31:*.bz=01;31:*.tbz=01;31:*.tbz2=01;31:*.tz=01;31:*.deb=01;31:*.rpm=01;31:*.jar=01;31:*.war=01;31:*.ear=01;31:*.sar=01;31:*.rar=01;31:*.alz=01;31:*.ace=01;31:*.zoo=01;31:*.cpio=01;31:*.7z=01;31:*.rz=01;31:*.cab=01;31:*.wim=01;31:*.swm=01;31:*.dwm=01;31:*.esd=01;31:*.jpg=01;35:*.jpeg=01;35:*.mjpg=01;35:*.mjpeg=01;35:*.gif=01;35:*.bmp=01;35:*.pbm=01;35:*.pgm=01;35:*.ppm=01;35:*.tga=01;35:*.xbm=01;35:*.xpm=01;35:*.tif=01;35:*.tiff=01;35:*.png=01;35:*.svg=01;35:*.svgz=01;35:*.mng=01;35:*.pcx=01;35:*.mov=01;35:*.mpg=01;35:*.mpeg=01;35:*.m2v=01;35:*.mkv=01;35:*.webm=01;35:*.webp=01;35:*.ogm=01;35:*.mp4=01;35:*.m4v=01;35:*.mp4v=01;35:*.vob=01;35:*.qt=01;35:*.nuv=01;35:*.wmv=01;35:*.asf=01;35:*.rm=01;35:*.rmvb=01;35:*.flc=01;35:*.avi=01;35:*.fli=01;35:*.flv=01;35:*.gl=01;35:*.dl=01;35:*.xcf=01;35:*.xwd=01;35:*.yuv=01;35:*.cgm=01;35:*.emf=01;35:*.ogv=01;35:*.ogx=01;35:*.aac=00;36:*.au=00;36:*.flac=00;36:*.m4a=00;36:*.mid=00;36:*.midi=00;36:*.mka=00;36:*.mp3=00;36:*.mpc=00;36:*.ogg=00;36:*.ra=00;36:*.wav=00;36:*.oga=00;36:*.opus=00;36:*.spx=00;36:*.xspf=00;36:'), ('SSH_AGENT_LAUNCHER', 'gnome-keyring'), ('SSH_AUTH_SOCK', '/run/user/1000/keyring/ssh'), ('AMENT_PREFIX_PATH', '/home/wangkun/z1_ros2_ws/install/z1_bringup:/home/wangkun/z1_ros2_ws/install/z1_hardware_interface:/home/wangkun/z1_ros2_ws/install/z1_description:/opt/ros/humble'), ('SHELL', '/bin/bash'), ('LC_NAME', 'zh_CN.UTF-8'), ('QT_ACCESSIBILITY', '1'), ('GDMSESSION', 'ubuntu'), ('LESSCLOSE', '/usr/bin/lesspipe %s %s'), ('LC_MEASUREMENT', 'zh_CN.UTF-8'), ('GPG_AGENT_INFO', '/run/user/1000/gnupg/S.gpg-agent:0:1'), ('LC_IDENTIFICATION', 'zh_CN.UTF-8'), ('QT_IM_MODULE', 'fcitx'), ('PWD', '/home/wangkun/z1_ros2_ws/build/z1_examples'), ('LC_ALL', 'en_US.UTF-8'), ('XDG_CONFIG_DIRS', '/etc/xdg/xdg-ubuntu:/etc/xdg'), ('CLUTTER_IM_MODULE', 'fcitx'), ('NVM_CD_FLAGS', ''), ('XDG_DATA_DIRS', '/usr/share/ubuntu:/usr/share/gnome:/usr/local/share/:/usr/share/:/var/lib/snapd/desktop'), ('PYTHONPATH', '/opt/ros/humble/lib/python3.10/site-packages:/opt/ros/humble/local/lib/python3.10/dist-packages'), ('LC_NUMERIC', 'zh_CN.UTF-8'), ('LC_PAPER', 'zh_CN.UTF-8'), ('COLCON', '1'), ('VTE_VERSION', '6800'), ('CMAKE_PREFIX_PATH', '/home/wangkun/z1_ros2_ws/install/z1_bringup:/home/wangkun/z1_ros2_ws/install/z1_hardware_interface:/home/wangkun/z1_ros2_ws/install/z1_description:/opt/ros/humble')]), 'shell': False}
[258.878152] (-) TimerEvent: {}
[258.955842] (z1_examples) StdoutLine: {'line': b'Built target ament_cmake_python_copy_z1_examples\n'}
[258.978912] (-) TimerEvent: {}
[259.081558] (-) TimerEvent: {}
[259.182331] (-) TimerEvent: {}
[259.284418] (-) TimerEvent: {}
[259.385344] (-) TimerEvent: {}
[259.486698] (-) TimerEvent: {}
[259.587636] (-) TimerEvent: {}
[259.690144] (-) TimerEvent: {}
[259.703624] (z1_examples) StdoutLine: {'line': b'running egg_info\n'}
[259.705739] (z1_examples) StdoutLine: {'line': b'creating z1_examples.egg-info\n'}
[259.706067] (z1_examples) StdoutLine: {'line': b'writing z1_examples.egg-info/PKG-INFO\n'}
[259.706214] (z1_examples) StdoutLine: {'line': b'writing dependency_links to z1_examples.egg-info/dependency_links.txt\n'}
[259.706335] (z1_examples) StdoutLine: {'line': b'writing top-level names to z1_examples.egg-info/top_level.txt\n'}
[259.706721] (z1_examples) StdoutLine: {'line': b"writing manifest file 'z1_examples.egg-info/SOURCES.txt'\n"}
[259.718181] (z1_examples) StdoutLine: {'line': b"reading manifest file 'z1_examples.egg-info/SOURCES.txt'\n"}
[259.718683] (z1_examples) StdoutLine: {'line': b"writing manifest file 'z1_examples.egg-info/SOURCES.txt'\n"}
[259.790485] (-) TimerEvent: {}
[259.805852] (z1_examples) StdoutLine: {'line': b'Built target ament_cmake_python_build_z1_examples_egg\n'}
[259.844090] (z1_examples) CommandEnded: {'returncode': 0}
[259.849146] (z1_examples) JobProgress: {'identifier': 'z1_examples', 'progress': 'install'}
[259.849211] (z1_examples) Command: {'cmd': ['/usr/bin/cmake', '--install', '/home/wangkun/z1_ros2_ws/build/z1_examples'], 'cwd': '/home/wangkun/z1_ros2_ws/build/z1_examples', 'env': OrderedDict([('LESSOPEN', '| /usr/bin/lesspipe %s'), ('LANGUAGE', 'zh_CN:en_US:en'), ('USER', 'wangkun'), ('LC_TIME', 'zh_CN.UTF-8'), ('XDG_SESSION_TYPE', 'x11'), ('SHLVL', '1'), ('LD_LIBRARY_PATH', '/home/wangkun/z1_ros2_ws/install/z1_hardware_interface/lib:/opt/ros/humble/opt/rviz_ogre_vendor/lib:/opt/ros/humble/lib/x86_64-linux-gnu:/opt/ros/humble/lib'), ('HOME', '/home/wangkun'), ('OLDPWD', '/home/wangkun/z1_ros2_ws/src'), ('DESKTOP_SESSION', 'ubuntu'), ('NVM_BIN', '/home/wangkun/.nvm/versions/node/v22.23.2/bin'), ('NVM_INC', '/home/wangkun/.nvm/versions/node/v22.23.2/include/node'), ('ROS_PYTHON_VERSION', '3'), ('GNOME_SHELL_SESSION_MODE', 'ubuntu'), ('GTK_MODULES', 'gail:atk-bridge'), ('LC_MONETARY', 'zh_CN.UTF-8'), ('MANAGERPID', '1116'), ('SYSTEMD_EXEC_PID', '1639'), ('DBUS_SESSION_BUS_ADDRESS', 'unix:path=/run/user/1000/bus'), ('COLORTERM', 'truecolor'), ('GIO_LAUNCHED_DESKTOP_FILE_PID', '2990'), ('NVM_DIR', '/home/wangkun/.nvm'), ('IM_CONFIG_PHASE', '1'), ('ROS_DISTRO', 'humble'), ('GTK_IM_MODULE', 'fcitx'), ('LOGNAME', 'wangkun'), ('JOURNAL_STREAM', '8:22053'), ('_', '/usr/bin/colcon'), ('ROS_VERSION', '2'), ('XDG_SESSION_CLASS', 'user'), ('USERNAME', 'wangkun'), ('TERM', 'xterm-256color'), ('GNOME_DESKTOP_SESSION_ID', 'this-is-deprecated'), ('ROS_LOCALHOST_ONLY', '0'), ('WINDOWPATH', '2'), ('PATH', '/home/wangkun/.nvm/versions/node/v22.23.2/bin:/opt/ros/humble/bin:/usr/local/sbin:/usr/local/bin:/usr/sbin:/usr/bin:/sbin:/bin:/usr/games:/usr/local/games:/snap/bin:/snap/bin'), ('SESSION_MANAGER', 'local/wangkun-virtual-machine:@/tmp/.ICE-unix/1397,unix/wangkun-virtual-machine:/tmp/.ICE-unix/1397'), ('INVOCATION_ID', '5fcec56be8f64feb8e4f999f251ebfb8'), ('PAPERSIZE', 'a4'), ('XDG_MENU_PREFIX', 'gnome-'), ('LC_ADDRESS', 'zh_CN.UTF-8'), ('XDG_RUNTIME_DIR', '/run/user/1000'), ('DISPLAY', ':0'), ('LANG', 'zh_CN.UTF-8'), ('XDG_CURRENT_DESKTOP', 'ubuntu:GNOME'), ('LC_TELEPHONE', 'zh_CN.UTF-8'), ('TILIX_ID', 'd4e4dedd-2900-4e6a-b355-84d5a569ff96'), ('XMODIFIERS', '@im=fcitx'), ('XDG_SESSION_DESKTOP', 'ubuntu'), ('XAUTHORITY', '/run/user/1000/gdm/Xauthority'), ('LS_COLORS', 'rs=0:di=01;34:ln=01;36:mh=00:pi=40;33:so=01;35:do=01;35:bd=40;33;01:cd=40;33;01:or=40;31;01:mi=00:su=37;41:sg=30;43:ca=30;41:tw=30;42:ow=34;42:st=37;44:ex=01;32:*.tar=01;31:*.tgz=01;31:*.arc=01;31:*.arj=01;31:*.taz=01;31:*.lha=01;31:*.lz4=01;31:*.lzh=01;31:*.lzma=01;31:*.tlz=01;31:*.txz=01;31:*.tzo=01;31:*.t7z=01;31:*.zip=01;31:*.z=01;31:*.dz=01;31:*.gz=01;31:*.lrz=01;31:*.lz=01;31:*.lzo=01;31:*.xz=01;31:*.zst=01;31:*.tzst=01;31:*.bz2=01;31:*.bz=01;31:*.tbz=01;31:*.tbz2=01;31:*.tz=01;31:*.deb=01;31:*.rpm=01;31:*.jar=01;31:*.war=01;31:*.ear=01;31:*.sar=01;31:*.rar=01;31:*.alz=01;31:*.ace=01;31:*.zoo=01;31:*.cpio=01;31:*.7z=01;31:*.rz=01;31:*.cab=01;31:*.wim=01;31:*.swm=01;31:*.dwm=01;31:*.esd=01;31:*.jpg=01;35:*.jpeg=01;35:*.mjpg=01;35:*.mjpeg=01;35:*.gif=01;35:*.bmp=01;35:*.pbm=01;35:*.pgm=01;35:*.ppm=01;35:*.tga=01;35:*.xbm=01;35:*.xpm=01;35:*.tif=01;35:*.tiff=01;35:*.png=01;35:*.svg=01;35:*.svgz=01;35:*.mng=01;35:*.pcx=01;35:*.mov=01;35:*.mpg=01;35:*.mpeg=01;35:*.m2v=01;35:*.mkv=01;35:*.webm=01;35:*.webp=01;35:*.ogm=01;35:*.mp4=01;35:*.m4v=01;35:*.mp4v=01;35:*.vob=01;35:*.qt=01;35:*.nuv=01;35:*.wmv=01;35:*.asf=01;35:*.rm=01;35:*.rmvb=01;35:*.flc=01;35:*.avi=01;35:*.fli=01;35:*.flv=01;35:*.gl=01;35:*.dl=01;35:*.xcf=01;35:*.xwd=01;35:*.yuv=01;35:*.cgm=01;35:*.emf=01;35:*.ogv=01;35:*.ogx=01;35:*.aac=00;36:*.au=00;36:*.flac=00;36:*.m4a=00;36:*.mid=00;36:*.midi=00;36:*.mka=00;36:*.mp3=00;36:*.mpc=00;36:*.ogg=00;36:*.ra=00;36:*.wav=00;36:*.oga=00;36:*.opus=00;36:*.spx=00;36:*.xspf=00;36:'), ('SSH_AGENT_LAUNCHER', 'gnome-keyring'), ('SSH_AUTH_SOCK', '/run/user/1000/keyring/ssh'), ('AMENT_PREFIX_PATH', '/home/wangkun/z1_ros2_ws/install/z1_bringup:/home/wangkun/z1_ros2_ws/install/z1_hardware_interface:/home/wangkun/z1_ros2_ws/install/z1_description:/opt/ros/humble'), ('SHELL', '/bin/bash'), ('LC_NAME', 'zh_CN.UTF-8'), ('QT_ACCESSIBILITY', '1'), ('GDMSESSION', 'ubuntu'), ('LESSCLOSE', '/usr/bin/lesspipe %s %s'), ('LC_MEASUREMENT', 'zh_CN.UTF-8'), ('GPG_AGENT_INFO', '/run/user/1000/gnupg/S.gpg-agent:0:1'), ('LC_IDENTIFICATION', 'zh_CN.UTF-8'), ('QT_IM_MODULE', 'fcitx'), ('PWD', '/home/wangkun/z1_ros2_ws/build/z1_examples'), ('LC_ALL', 'en_US.UTF-8'), ('XDG_CONFIG_DIRS', '/etc/xdg/xdg-ubuntu:/etc/xdg'), ('CLUTTER_IM_MODULE', 'fcitx'), ('NVM_CD_FLAGS', ''), ('XDG_DATA_DIRS', '/usr/share/ubuntu:/usr/share/gnome:/usr/local/share/:/usr/share/:/var/lib/snapd/desktop'), ('PYTHONPATH', '/opt/ros/humble/lib/python3.10/site-packages:/opt/ros/humble/local/lib/python3.10/dist-packages'), ('LC_NUMERIC', 'zh_CN.UTF-8'), ('LC_PAPER', 'zh_CN.UTF-8'), ('COLCON', '1'), ('VTE_VERSION', '6800'), ('CMAKE_PREFIX_PATH', '/home/wangkun/z1_ros2_ws/install/z1_bringup:/home/wangkun/z1_ros2_ws/install/z1_hardware_interface:/home/wangkun/z1_ros2_ws/install/z1_description:/opt/ros/humble')]), 'shell': False}
[259.873239] (z1_examples) StdoutLine: {'line': b'-- Install configuration: "Release"\n'}
[259.874401] (z1_examples) StdoutLine: {'line': b'-- Installing: /home/wangkun/z1_ros2_ws/install/z1_examples/lib/z1_examples/waypoint_test.py\n'}
[259.877238] (z1_examples) StdoutLine: {'line': b'-- Installing: /home/wangkun/z1_ros2_ws/install/z1_examples/share/z1_examples/launch\n'}
[259.878932] (z1_examples) StdoutLine: {'line': b'-- Installing: /home/wangkun/z1_ros2_ws/install/z1_examples/share/z1_examples/launch/waypoint_test.launch.py\n'}
[259.882533] (z1_examples) StdoutLine: {'line': b'-- Installing: /home/wangkun/z1_ros2_ws/install/z1_examples/share/z1_examples/environment/pythonpath.sh\n'}
[259.884283] (z1_examples) StdoutLine: {'line': b'-- Installing: /home/wangkun/z1_ros2_ws/install/z1_examples/share/z1_examples/environment/pythonpath.dsv\n'}
[259.884566] (z1_examples) StdoutLine: {'line': b'-- Installing: /home/wangkun/z1_ros2_ws/install/z1_examples/local/lib/python3.10/dist-packages/z1_examples-0.0.0-py3.10.egg-info\n'}
[259.885488] (z1_examples) StdoutLine: {'line': b'-- Installing: /home/wangkun/z1_ros2_ws/install/z1_examples/local/lib/python3.10/dist-packages/z1_examples-0.0.0-py3.10.egg-info/PKG-INFO\n'}
[259.885837] (z1_examples) StdoutLine: {'line': b'-- Installing: /home/wangkun/z1_ros2_ws/install/z1_examples/local/lib/python3.10/dist-packages/z1_examples-0.0.0-py3.10.egg-info/dependency_links.txt\n'}
[259.886079] (z1_examples) StdoutLine: {'line': b'-- Installing: /home/wangkun/z1_ros2_ws/install/z1_examples/local/lib/python3.10/dist-packages/z1_examples-0.0.0-py3.10.egg-info/top_level.txt\n'}
[259.886442] (z1_examples) StdoutLine: {'line': b'-- Installing: /home/wangkun/z1_ros2_ws/install/z1_examples/local/lib/python3.10/dist-packages/z1_examples-0.0.0-py3.10.egg-info/SOURCES.txt\n'}
[259.886885] (z1_examples) StdoutLine: {'line': b'-- Installing: /home/wangkun/z1_ros2_ws/install/z1_examples/local/lib/python3.10/dist-packages/z1_examples\n'}
[259.887221] (z1_examples) StdoutLine: {'line': b'-- Installing: /home/wangkun/z1_ros2_ws/install/z1_examples/local/lib/python3.10/dist-packages/z1_examples/waypoint_test.py\n'}
[259.887591] (z1_examples) StdoutLine: {'line': b'-- Installing: /home/wangkun/z1_ros2_ws/install/z1_examples/local/lib/python3.10/dist-packages/z1_examples/__init__.py\n'}
[259.891525] (-) TimerEvent: {}
[259.969593] (z1_examples) StdoutLine: {'line': b"Listing '/home/wangkun/z1_ros2_ws/install/z1_examples/local/lib/python3.10/dist-packages/z1_examples'...\n"}
[259.970446] (z1_examples) StdoutLine: {'line': b"Compiling '/home/wangkun/z1_ros2_ws/install/z1_examples/local/lib/python3.10/dist-packages/z1_examples/__init__.py'...\n"}
[259.970586] (z1_examples) StdoutLine: {'line': b"Compiling '/home/wangkun/z1_ros2_ws/install/z1_examples/local/lib/python3.10/dist-packages/z1_examples/waypoint_test.py'...\n"}
[259.983391] (z1_examples) StdoutLine: {'line': b'-- Installing: /home/wangkun/z1_ros2_ws/install/z1_examples/share/ament_index/resource_index/package_run_dependencies/z1_examples\n'}
[259.983765] (z1_examples) StdoutLine: {'line': b'-- Installing: /home/wangkun/z1_ros2_ws/install/z1_examples/share/ament_index/resource_index/parent_prefix_path/z1_examples\n'}
[259.983875] (z1_examples) StdoutLine: {'line': b'-- Installing: /home/wangkun/z1_ros2_ws/install/z1_examples/share/z1_examples/environment/ament_prefix_path.sh\n'}
[259.985720] (z1_examples) StdoutLine: {'line': b'-- Installing: /home/wangkun/z1_ros2_ws/install/z1_examples/share/z1_examples/environment/ament_prefix_path.dsv\n'}
[259.985994] (z1_examples) StdoutLine: {'line': b'-- Installing: /home/wangkun/z1_ros2_ws/install/z1_examples/share/z1_examples/environment/path.sh\n'}
[259.989009] (z1_examples) StdoutLine: {'line': b'-- Installing: /home/wangkun/z1_ros2_ws/install/z1_examples/share/z1_examples/environment/path.dsv\n'}
[259.989249] (z1_examples) StdoutLine: {'line': b'-- Installing: /home/wangkun/z1_ros2_ws/install/z1_examples/share/z1_examples/local_setup.bash\n'}
[259.989444] (z1_examples) StdoutLine: {'line': b'-- Installing: /home/wangkun/z1_ros2_ws/install/z1_examples/share/z1_examples/local_setup.sh\n'}
[259.989585] (z1_examples) StdoutLine: {'line': b'-- Installing: /home/wangkun/z1_ros2_ws/install/z1_examples/share/z1_examples/local_setup.zsh\n'}
[259.990786] (z1_examples) StdoutLine: {'line': b'-- Installing: /home/wangkun/z1_ros2_ws/install/z1_examples/share/z1_examples/local_setup.dsv\n'}
[259.990917] (z1_examples) StdoutLine: {'line': b'-- Installing: /home/wangkun/z1_ros2_ws/install/z1_examples/share/z1_examples/package.dsv\n'}
[259.990997] (z1_examples) StdoutLine: {'line': b'-- Installing: /home/wangkun/z1_ros2_ws/install/z1_examples/share/ament_index/resource_index/packages/z1_examples\n'}
[259.991994] (z1_examples) StdoutLine: {'line': b'-- Installing: /home/wangkun/z1_ros2_ws/install/z1_examples/share/z1_examples/cmake/z1_examplesConfig.cmake\n'}
[259.992206] (-) TimerEvent: {}
[259.993480] (z1_examples) StdoutLine: {'line': b'-- Installing: /home/wangkun/z1_ros2_ws/install/z1_examples/share/z1_examples/cmake/z1_examplesConfig-version.cmake\n'}
[259.993873] (z1_examples) StdoutLine: {'line': b'-- Installing: /home/wangkun/z1_ros2_ws/install/z1_examples/share/z1_examples/package.xml\n'}
[260.000229] (z1_examples) CommandEnded: {'returncode': 0}
[260.040415] (z1_examples) JobEnded: {'identifier': 'z1_examples', 'rc': 0}
[260.041855] (-) EventReactorShutdown: {}
